2544,n2544.png,LeBron,James,Forward,Forward,99.6,28.9,8.3,6.8,0.6,0.9,3.2,1.2,7.1,22.2,11.1,5.9,4.6,2.2
2617,n2617.png,Udonis,Haslem,Forward,Forward,55.5,3.9,1.6,0,0.3,0.1,0.1,0.6,1,4.1,1.4,0.7,0.6,0.4
2738,n2738.png,Andre,Iguodala,Guard,Forward,57.9,2.1,2.1,2.4,0.4,0.5,1.1,0.4,1.8,1.9,0.9,0.4,0.2,0.1
101108,n101108.png,Chris,Paul,Guard,Guard,82.5,13.9,4.3,8.9,0.4,1.5,1.9,0.5,3.8,11.3,5,2.7,2.3,1.7
200752,n200752.png,Rudy,Gay,Forward,Guard,59.5,5.2,2.9,1,0.3,0.3,0.7,0.6,2.3,5.1,1.9,0.9,0.8,0.6
200768,n200768.png,Kyle,Lowry,Guard,Guard,73.3,11.2,4.1,5.1,0.4,1,1.9,0.8,3.3,8.8,3.6,2.5,2.1,1.9
200782,n200782.png,P.J.,Tucker,Forward,Forward,59.2,3.5,3.9,0.8,0.2,0.5,0.6,1.3,2.7,3,1.3,0.3,0.3,0.7
201142,n201142.png,Kevin,Durant,Forward,Forward,99.2,29.1,6.7,5,1.4,0.7,3.3,0.4,6.3,18.3,10.3,7.1,6.5,2
201143,n201143.png,Al,Horford,Center,Forward,73.2,9.8,6.2,3,1,0.5,0.6,1.2,5,7.6,3.6,0.3,0.2,2.3
201144,n201144.png,Mike,Conley,Guard,Guard,75.3,11.9,2.7,6.7,0.2,1.1,1.5,0.5,2.2,9.1,3.9,2.5,2.1,2
201145,n201145.png,Jeff,Green,Forward,Forward,63,7.8,2.6,1.2,0.3,0.3,0.8,0.7,1.9,5.9,2.9,2.1,1.6,0.5
201152,n201152.png,Thaddeus,Young,Forward,Forward,60.6,4.4,3.1,1.4,0.1,1,0.8,1.3,1.8,3.7,2,0.5,0.3,0.1
201565,n201565.png,Derrick,Rose,Guard,Guard,59.4,5.6,1.5,1.7,0.2,0.3,0.8,0.3,1.2,5.9,2.3,0.4,0.4,0.7
201566,n201566.png,Russell,Westbrook,Guard,Guard,81.3,15.9,5.8,7.5,0.5,1,3.5,1.2,4.6,13.6,5.9,4.3,2.8,1.2
201567,n201567.png,Kevin,Love,Forward,Center,67.5,8.2,6.4,1.9,0.2,0.3,1.1,1,5.5,6.8,2.7,1.5,1.3,1.6
201569,n201569.png,Eric,Gordon,Guard,Guard,69.3,12.4,1.9,2.7,0.4,0.6,1.5,0.2,1.7,9.5,4.2,2.5,2.1,1.9
201572,n201572.png,Brook,Lopez,Center,Center,80.1,15.9,6.7,1.3,2.5,0.5,1.4,2,4.7,11.5,6.1,2.4,1.9,1.7
201577,n201577.png,Robin,Lopez,Center,Center,55.8,3,1.4,0.5,0.2,0.1,0.7,0.6,0.8,2,1.3,0.5,0.4,0.1
201580,n201580.png,JaVale,McGee,Center,Forward,58.5,4.4,2.5,0.3,0.6,0.1,0.9,0.7,1.8,3,1.9,1,0.6,0
201586,n201586.png,Serge,Ibaka,Forward,Forward,57.6,4.1,2.8,0.2,0.4,0.1,0.7,0.9,1.8,3.4,1.6,0.8,0.5,0.4
201587,n201587.png,Nicolas,Batum,Guard,Forward,63.9,6.1,3.8,1.6,0.6,0.7,0.6,0.8,3,4.9,2.1,0.6,0.4,1.6
201588,n201588.png,George,Hill,Guard,Guard,60.9,5,1.8,2.4,0.1,0.6,0.7,0.3,1.5,3.6,1.7,1.2,0.9,0.7
201599,n201599.png,DeAndre,Jordan,Center,Center,63.4,5.1,5.2,0.9,0.6,0.3,1.2,1.3,3.8,2.9,2.3,1.2,0.6,0
201609,n201609.png,Goran,Dragic,Guard,Guard,60.9,6.3,1.4,2.6,0.1,0.2,1.1,0.3,1.1,5.8,2.4,0.8,0.5,0.9
201933,n201933.png,Blake,Griffin,Forward,Forward,60.6,4.1,3.8,1.5,0.2,0.3,0.5,1.1,2.6,3.2,1.5,0.8,0.5,0.6
201935,n201935.png,James,Harden,Guard,Guard,93.6,21,6.1,10.7,0.5,1.2,3.4,0.7,5.4,14.5,6.4,6.2,5.4,2.8
201937,n201937.png,Ricky,Rubio,Guard,Guard,61.8,5.2,2.1,3.5,0.2,0.8,0.9,0.3,1.8,5.4,1.8,1.1,0.8,0.6
201939,n201939.png,Stephen,Curry,Guard,Guard,98.7,29.4,6.1,6.3,0.4,0.9,3.2,0.7,5.4,20.2,10,5,4.6,4.9
201942,n201942.png,DeMar,DeRozan,Guard,Forward,89.6,24.5,4.6,5.1,0.5,1.1,2.1,0.5,4.2,17.6,8.9,7.1,6.2,0.6
201949,n201949.png,James,Johnson,Forward,Forward,56.2,2.8,1.7,0.8,0.3,0.4,0.4,0.2,1.4,2.7,1.2,0.4,0.2,0.2
201950,n201950.png,Jrue,Holiday,Guard,Guard,86.9,19.3,5.1,7.4,0.4,1.2,2.9,1.2,3.9,15.3,7.3,2.6,2.3,2.4
201959,n201959.png,Taj,Gibson,Forward,Forward,56.8,3.4,1.9,0.7,0.2,0.3,0.5,0.7,1.2,2.6,1.3,0.9,0.6,0.2
201976,n201976.png,Patrick,Beverley,Guard,Guard,65.1,6.2,3.7,2.9,0.6,0.9,0.9,0.7,3,5.4,2.1,1,0.7,1.2
201980,n201980.png,Danny,Green,Guard,Guard,58.6,5.5,1.3,0.5,0.3,0.5,0.9,0.3,1,4.5,2,0.1,0.1,1.5
201988,n201988.png,Patty,Mills,Guard,Guard,59.6,6.2,1.1,1.4,0.1,0.4,0.8,0.2,0.9,5.2,2.2,0.8,0.6,1.2
202066,n202066.png,Garrett,Temple,Guard,Forward,53.8,2,0.7,0.5,0.1,0.4,0.2,0.2,0.5,1.8,0.7,0.2,0.1,0.4
202083,n202083.png,Wesley,Matthews,Guard,Guard,57.1,3.4,2.2,0.7,0.2,0.4,0.3,0.7,1.5,3.1,1.1,0.5,0.5,0.8
202322,n202322.png,John,Wall,Guard,Guard,70.8,11.4,2.7,5.2,0.4,0.8,2.4,0.4,2.3,9.9,4.1,3.3,2.3,1
202330,n202330.png,Gordon,Hayward,Forward,Forward,75.7,14.7,4.3,4.1,0.2,0.8,2,0.7,3.6,11.6,5.5,3.2,2.6,1
202331,n202331.png,Paul,George,Forward,Forward,89.4,23.8,6.1,5.1,0.4,1.5,3.1,0.8,5.3,17.9,8.2,5.2,4.6,2.8
202397,n202397.png,Ish,Smith,Guard,Guard,56.5,2.5,1.3,2.3,0.2,0.2,1,0.1,1.1,3,1.2,0.1,0,0
202681,n202681.png,Kyrie,Irving,Guard,Guard,94.5,27,5.1,5.5,0.8,1.1,2.1,1,4.1,20,9.9,4.6,4.1,3.1
202685,n202685.png,Jonas,Valanciunas,Center,Center,79,14.1,10.2,1.8,0.7,0.3,2,2.8,7.3,10.3,5.6,2.8,2.3,0.5
202687,n202687.png,Bismack,Biyombo,Center,Center,62,4.3,4.3,0.9,1.4,0.3,0.8,1.5,2.8,3.4,2,1.1,0.4,0
202689,n202689.png,Kemba,Walker,Guard,Guard,63.3,8,1.8,2.1,0.2,0.2,0.4,0.3,1.4,6.3,2.7,2.3,1.9,0.8
202691,n202691.png,Klay,Thompson,Guard,Guard,81.6,21.9,4.1,2.4,0.4,0.7,1.8,0.6,3.6,18.1,7.9,1.9,1.7,4.4
202692,n202692.png,Alec,Burks,Guard,Guard,70.2,12.8,3.1,2.2,0.2,0.7,1.1,0.4,2.7,9,3.9,3.7,3,1.9
202693,n202693.png,Markieff,Morris,Forward,Forward,57.3,3.8,2,0.9,0.1,0.3,0.5,0.4,1.7,3.3,1.3,0.3,0.3,0.8
202694,n202694.png,Marcus,Morris Sr.,Forward,Forward,68.6,11.2,4,1.8,0.3,0.6,0.9,0.4,3.5,9.9,4.2,1.3,1,1.7
202695,n202695.png,Kawhi,Leonard,Forward,Forward,90.3,23.8,6.5,3.9,0.5,1.4,1.7,1.1,5.4,16.8,8.6,5.4,4.7,2
202696,n202696.png,Nikola,Vucevic,Center,Center,86.4,17.6,11,3.2,0.7,0.7,1.7,1.9,9.1,14,7.3,1.9,1.6,1.5
202699,n202699.png,Tobias,Harris,Forward,Forward,76.9,14.7,5.7,2.5,0.5,0.9,1.2,0.9,4.8,11.4,5.7,1.7,1.5,1.7
202704,n202704.png,Reggie,Jackson,Guard,Guard,67.1,10.2,2.1,3.4,0.1,0.7,1.7,0.4,1.8,9.4,3.9,1.1,1,1.4
202709,n202709.png,Cory,Joseph,Guard,Guard,63.8,6.9,1.7,3.5,0.1,0.5,0.9,0.3,1.4,5.7,2.4,1.2,0.9,1.1
202710,n202710.png,Jimmy,Butler,Forward,Forward,90.8,22.9,5.9,5.3,0.3,1.8,1.6,2.2,3.7,13.9,7.5,8.7,7.4,0.6
202711,n202711.png,Bojan,Bogdanovic,Forward,Forward,81.3,21.6,3.8,2.6,0.1,0.6,2.3,0.6,3.2,14.9,7.3,5.1,4.5,2.5
202722,n202722.png,Davis,Bertans,Forward,Forward,57.3,4.6,1.2,0.5,0.2,0.2,0.2,0.2,1,3.6,1.5,0.3,0.3,1.2
203076,n203076.png,Anthony,Davis,Forward,Center,98.4,25.9,12.5,2.6,2,1.1,2.2,3.5,9.1,17.2,9.7,7.9,6.2,0.3
203078,n203078.png,Bradley,Beal,Guard,Guard,87.6,23.2,3.9,5.4,0.7,0.9,2.9,0.8,3.1,17.6,8.9,4.6,3.8,1.6
203081,n203081.png,Damian,Lillard,Guard,Guard,100.6,32.2,4.8,7.3,0.3,0.9,3.3,0.8,4,20.7,9.6,9.6,8.8,4.2
203082,n203082.png,Terrence,Ross,Guard,Forward,63.8,8.3,2.4,1.5,0.2,0.6,0.7,0.3,2.1,7.4,3.2,0.5,0.4,1.5
203083,n203083.png,Andre,Drummond,Center,Center,64.5,6,6.6,0.5,0.4,0.7,1.1,2.1,4.6,4.1,2.5,1.9,1,0
203084,n203084.png,Harrison,Barnes,Forward,Forward,73.8,15,4.5,1.6,0.1,0.7,1,1.1,3.4,9.6,4.6,5,4.3,1.6
203085,n203085.png,Austin,Rivers,Guard,Guard,59.2,4.9,1.6,1.4,0.1,0.5,0.4,0.1,1.5,4,1.8,0.8,0.6,0.8
203086,n203086.png,Meyers,Leonard,Forward,Center,59.3,4.8,3.8,0.1,0,0.2,0.7,1.3,2.4,3.2,1.6,1,0.9,0.8
203095,n203095.png,Evan,Fournier,Guard,Forward,59.5,6.1,1.8,1.3,0.1,0.6,0.8,0.1,1.7,6.1,2.1,0.8,0.7,1.3
203109,n203109.png,Jae,Crowder,Forward,Forward,64.7,6.9,3.8,1.5,0.3,0.7,0.4,0.9,2.9,5.2,2.5,0.7,0.6,1.3
203110,n203110.png,Draymond,Green,Forward,Forward,76.5,8.5,7.2,6.8,0.8,1,2.8,0.9,6.3,6.5,3.4,1.5,1.1,0.5
203114,n203114.png,Khris,Middleton,Forward,Forward,76.7,15.1,4.2,4.9,0.2,0.7,2.2,0.8,3.4,12.3,5.4,3.1,2.8,1.5
203115,n203115.png,Will,Barton,Guard,Guard,62.1,6.8,2.4,2,0.2,0.5,0.9,0.3,2.2,6.5,2.5,0.8,0.7,1.2
203200,n203200.png,Justin,Holiday,Forward,Guard,57.6,4.5,1.2,0.9,0.4,0.4,0.5,0.1,1.1,4.4,1.7,0.2,0.1,1
203210,n203210.png,JaMychal,Green,Forward,Center,62.7,6.4,3.6,0.9,0.4,0.4,0.9,1.3,2.3,4.4,2.4,1.2,0.9,0.7
203457,n203457.png,Nerlens,Noel,Center,Forward,56.6,2.1,2.7,0.6,0.6,0.9,0.8,0.6,2.1,2.1,0.8,0.7,0.5,0.1
203458,n203458.png,Alex,Len,Center,Center,55.1,1.7,2.3,0.5,0.4,0.2,0.6,0.9,1.4,1.2,0.6,0.6,0.4,0
203468,n203468.png,CJ,McCollum,Guard,Guard,84.3,20.9,4.4,5.7,0.5,0.9,2.4,0.7,3.6,17.9,7.8,3.2,2.4,2.8
203469,n203469.png,Cody,Zeller,Forward,Center,63,6.5,4.3,0.7,0.3,0.2,0.9,1.7,2.6,3.9,2.5,2.3,1.6,0
203471,n203471.png,Dennis,Schroder,Guard,Guard,71,12.4,2.5,4.4,0.1,0.7,1.7,0.3,2.1,9.7,4,3.8,3.2,1.1
203473,n203473.png,Dewayne,Dedmon,Center,Center,60.5,5.2,3.5,0.7,0.5,0.2,0.7,0.9,2.6,4,2,1.3,0.9,0.3
203476,n203476.png,Gorgui,Dieng,Center,Center,59.9,3.9,3.5,1.7,0.5,0.1,1,0.9,2.6,3.8,1.5,0.4,0.3,0.7
203482,n203482.png,Kelly,Olynyk,Forward,Center,75.6,12.5,6.2,3.7,0.5,0.9,2.5,1.2,5,8.2,4.1,3.4,2.9,1.4
203484,n203484.png,Kentavious,Caldwell-Pope,Guard,Guard,69.6,10.8,2.7,2.4,0.5,1.5,1.1,0.5,2.3,8.3,3.8,1.6,1.4,1.8
203486,n203486.png,Mason,Plumlee,Forward,Center,76.5,10.8,8.9,3.1,0.6,0.6,1.5,2.9,6,6.1,4.2,4,2.5,0
203487,n203487.png,Michael,Carter-Williams,Guard,Guard,57.3,4.2,1.2,1.8,0.2,0.2,1,0.2,1,3.5,1.5,1.8,1,0.2
203488,n203488.png,Mike,Muscala,Forward,Center,61.6,6.1,3.2,0.8,0.4,0.2,0.4,0.6,2.6,4.6,2.1,0.8,0.6,1.3
203490,n203490.png,Otto,Porter Jr.,Forward,Forward,61.4,5.5,2.4,1,0,1.4,0.5,0.8,1.6,3.8,1.9,1,1,0.8
203493,n203493.png,Reggie,Bullock,Guard,Forward,64,7.2,3.6,1.4,0.2,0.7,0.5,0.4,3.2,6,2.5,0.5,0.3,1.9
203496,n203496.png,Robert,Covington,Forward,Forward,63,6,3.5,1.2,0.7,0.8,0.7,0.6,2.8,4.8,2.1,0.8,0.6,1.1
203497,n203497.png,Rudy,Gobert,Center,Center,80.5,13.4,11.6,1.2,1.4,0.8,1.7,3.3,8.3,7.8,5.1,4.9,3.1,0
203500,n203500.png,Steven,Adams,Center,Center,74.7,8.6,11.5,2.3,1.1,0.9,1.9,5.1,6.5,6.3,3.7,3.1,1.1,0
203501,n203501.png,Tim,Hardaway Jr.,Guard,Forward,71.5,14.4,3.5,1.8,0.2,0.7,0.8,0.3,3.2,11.9,4.8,2.3,1.8,3
203506,n203506.png,Victor,Oladipo,Guard,Guard,68.9,10.7,3,3.5,0.3,1.4,2.1,0.4,2.7,9.6,3.8,1.9,1.4,1.7
203507,n203507.png,Giannis,Antetokounmpo,Forward,Forward,102.8,31.1,11.8,5.7,0.8,0.8,3.9,2.2,9.6,20.3,11.2,12.3,7.9,0.7
203521,n203521.png,Matthew,Dellavedova,Guard,Guard,53.4,1.5,0.4,1.3,0,0.2,0.3,0,0.4,1.6,0.5,0.2,0.1,0.3
203526,n203526.png,Raul,Neto,Guard,Guard,57.2,3.3,1,1.6,0.1,0.4,0.5,0.2,0.8,2.3,1.2,0.7,0.6,0.2
203552,n203552.png,Seth,Curry,Guard,Guard,64.3,9.2,1.6,1.6,0.1,0.6,0.8,0.2,1.4,7.4,3.4,0.9,0.8,1.5
203585,n203585.png,Rodney,McGruder,Guard,Guard,59.8,5.7,2.3,0.9,0,0.5,0.3,0.6,1.7,4.8,1.9,0.7,0.6,1.3
203648,n203648.png,Thanasis,Antetokounmpo,Forward,Forward,53,1.4,1.2,0.4,0.1,0.1,0.3,0.4,0.8,1.2,0.5,0.6,0.3,0
203897,n203897.png,Zach,LaVine,Guard,Guard,87.6,24.8,4.5,4.2,0.2,0.9,2.5,0.5,3.9,18,8.7,5.6,4.7,2.6
203903,n203903.png,Jordan,Clarkson,Guard,Guard,81.1,20.8,4,4.4,0.2,0.5,3,1.2,2.9,16.9,7.5,4,3.3,2.5
203914,n203914.png,Gary,Harris,Guard,Guard,64,8.3,2,1.2,0.2,0.9,0.6,0.4,1.6,6.4,2.9,0.6,0.6,2
203915,n203915.png,Spencer,Dinwiddie,Guard,Guard,80.9,17.3,3.4,6.5,0.3,0.8,1.8,0.4,3.1,13.3,5.8,4.2,3.4,2.3
203920,n203920.png,Khem,Birch,Center,Center,54.7,2.2,1.2,0.4,0.2,0.2,0.4,0.4,0.8,1.6,1,0.2,0.2,0
203924,n203924.png,Jerami,Grant,Forward,Forward,81.3,20.5,4.5,2.4,0.8,0.8,1.8,0.8,3.7,14.5,6.9,5.4,4.4,2.3
203925,n203925.png,Joe,Harris,Guard,Forward,63.1,7.6,2.2,1.4,0.2,0.5,0.6,0.3,1.9,5.9,2.7,0.4,0.2,1.9
203926,n203926.png,Doug,McDermott,Forward,Forward,65.1,10.2,2.2,1.4,0.1,0.2,0.9,0.4,1.8,8.2,3.7,1.1,0.8,1.9
203932,n203932.png,Aaron,Gordon,Forward,Forward,80.1,16.3,6.6,3,0.8,0.8,1.4,2.4,4.1,11.2,6.3,4.6,2.8,0.9
203933,n203933.png,T.J.,Warren,Forward,Forward,63.2,7.5,2.9,1,0.3,0.5,0.5,0.6,2.3,6.4,3.1,0.8,0.7,0.5
203935,n203935.png,Marcus,Smart,Guard,Guard,74.2,11.5,3.1,6.3,0.4,1.5,2.3,0.8,2.4,9.9,4.1,1.9,1.4,1.9
203937,n203937.png,Kyle,Anderson,Forward,Guard,73.9,9.4,5.3,4.9,0.9,1.1,1.5,1,4.4,7.2,3.7,2,1.4,0.6
203939,n203939.png,Dwight,Powell,Forward,Center,64.1,6.7,4.1,0.9,0.3,0.6,0.9,2,2.2,3.5,2.6,2.2,1.5,0
203943,n203943.png,Noah,Vonleh,Forward,Forward,53.9,1.1,2.1,0.3,0.3,0.1,0.5,0.8,1.3,1,0.5,0.1,0.1,0
203944,n203944.png,Julius,Randle,Forward,Center,91.7,25.1,10,4.1,0.3,0.6,2.8,1.8,8.1,18.6,8.5,6.9,5.2,2.8
203952,n203952.png,Andrew,Wiggins,Forward,Forward,78.5,17.1,5,2.3,0.8,1.2,1.3,1.6,3.4,14.3,6.8,1.9,1.2,2.4
203954,n203954.png,Joel,Embiid,Center,Forward,105.5,33.1,10.2,4.2,1.7,1,3.4,1.7,8.4,20.1,11,11.7,10,1
203967,n203967.png,Dario,Saric,Forward,Center,62.2,6.4,3.6,1.3,0.1,0.4,1,0.9,2.7,4.9,2.2,1.3,1.1,0.8
203991,n203991.png,Clint,Capela,Center,Center,78.9,12,11,0.9,1.2,0.7,0.8,4,7.1,8.2,5.4,2,1.2,0
203992,n203992.png,Bogdan,Bogdanovic,Guard,Guard,73,14,3.1,2.8,0.3,0.8,1.2,0.4,2.6,11.3,5.1,1.4,1.2,2.7
203994,n203994.png,Jusuf,Nurkic,Center,Center,78,13.3,9.1,2.9,0.8,0.8,2.3,2.2,6.9,9.7,5,3.7,2.4,0.8
203999,n203999.png,Nikola,Jokic,Center,Center,105.6,24.5,11.8,9.8,0.7,1.3,3.6,2.4,9.4,14.8,9.4,6,4.9,0.8
204001,n204001.png,Kristaps,Porzingis,Forward,Center,90,23.2,8.4,2.7,1.5,0.9,2.1,1.8,6.6,15.7,7.8,6.4,5.4,2.1
204060,n204060.png,Joe,Ingles,Forward,Guard,65.1,6.9,2.8,3.3,0.1,0.7,1.2,0.3,2.5,5.4,2.3,0.5,0.4,1.8
204456,n204456.png,T.J.,McConnell,Guard,Guard,70.7,8.7,3.1,5.3,0.1,1.1,1.9,0.6,2.5,6.9,3.8,0.9,0.8,0.3
1626145,n1626145.png,Tyus,Jones,Guard,Guard,71.3,10.3,2.5,5.2,0.1,1,0.9,0.4,2.2,8.9,3.9,1.2,1,1.5
1626149,n1626149.png,Montrezl,Harrell,Forward,Center,60.5,5.6,2.8,0.6,0.4,0.3,0.6,1.2,1.6,3.7,2.2,1.8,1.2,0
1626153,n1626153.png,Delon,Wright,Guard,Guard,68.9,7.4,3.6,3.9,0.3,1.8,0.9,1.2,2.4,5.8,2.8,1.2,1,0.8
1626156,n1626156.png,D'Angelo,Russell,Guard,Guard,81.4,17.8,3,6.2,0.4,1,2.6,0.5,2.5,13.4,6.3,3,2.5,2.7
1626157,n1626157.png,Karl-Anthony,Towns,Center,Forward,88,20.8,8.1,4.8,0.6,0.7,3,1.7,6.5,14.8,7.3,4.7,4.1,2.1
1626158,n1626158.png,Richaun,Holmes,Forward,Forward,56.3,3.1,1.9,0.2,0.3,0.1,0.3,0.7,1.2,2.1,1.3,0.5,0.4,0.1
1626159,n1626159.png,Justise,Winslow,Forward,Guard,66.9,6.8,5,3.4,0.4,1,1.5,1.7,3.3,6.8,2.8,1,0.7,0.5
1626162,n1626162.png,Kelly,Oubre Jr.,Forward,Guard,78.8,20.2,5.2,1.1,0.4,1.4,1.3,1.4,3.8,17.1,7.4,4.3,3.3,2.2
1626163,n1626163.png,Frank,Kaminsky,Forward,Center,55.8,2.5,1.4,0.9,0.1,0.2,0.2,0.2,1.2,1.8,0.9,0.4,0.4,0.4
1626164,n1626164.png,Devin,Booker,Guard,Guard,93,27.8,4.5,5.5,0.3,1,2.7,0.9,3.7,20.1,9.9,6.8,5.8,2.1
1626166,n1626166.png,Cameron,Payne,Guard,Guard,68.8,10.3,2.2,4.5,0.2,0.7,1.7,0.2,2,9.4,3.9,1.3,1,1.4
1626167,n1626167.png,Myles,Turner,Center,Forward,83.2,18,7.5,1.4,2.3,0.6,1.7,1.4,6.1,11.8,6.5,4.5,3.5,1.5
1626168,n1626168.png,Trey,Lyles,Forward,Forward,64.1,7.6,4.1,0.9,0.4,0.4,0.9,0.9,3.1,5.5,2.5,1.7,1.4,1.2
1626169,n1626169.png,Stanley,Johnson,Forward,Guard,63,5.8,3.2,2.2,0.2,0.5,1.1,0.7,2.4,4.1,2.2,1.3,0.9,0.6
1626171,n1626171.png,Bobby,Portis,Forward,Forward,77.4,14.1,9.6,1.5,0.2,0.4,1.2,2.2,7.4,11.5,5.7,1.8,1.4,1.4
1626172,n1626172.png,Kevon,Looney,Forward,Forward,72.2,7,9.3,2.5,0.6,0.6,0.5,3.3,5.9,4.7,3,1.9,1.1,0
1626174,n1626174.png,Christian,Wood,Forward,Forward,79.3,16.6,7.3,1.8,1.1,0.4,1.8,1.3,6,11.5,5.9,4.2,3.2,1.6
1626179,n1626179.png,Terry,Rozier,Guard,Guard,82.9,21.1,4.1,5.1,0.3,1.2,2.1,0.8,3.3,18.9,7.8,3.5,2.8,2.6
1626181,n1626181.png,Norman,Powell,Guard,Guard,74.5,17,2.9,1.8,0.3,0.8,1.7,0.4,2.5,11.8,5.7,4.6,3.8,1.9
1626192,n1626192.png,Pat,Connaughton,Guard,Guard,64.6,7.6,4.6,1.3,0.2,0.6,0.5,0.8,3.8,6.9,2.7,0.7,0.4,1.8
1626195,n1626195.png,Willy,Hernangomez,Center,Forward,63.7,6.9,4.7,0.9,0.3,0.4,1,1.5,3.2,4.4,2.3,2.7,2.1,0.1
1626196,n1626196.png,Josh,Richardson,Guard,Guard,68,10.1,2.7,2.7,0.3,1.1,1.3,0.6,2.1,8.5,3.7,1.2,1.1,1.6
1626204,n1626204.png,Larry,Nance Jr.,Forward,Center,67.5,6.8,5.4,1.8,0.6,0.9,0.6,1.6,3.8,4.7,2.9,1.2,0.8,0.2
1626220,n1626220.png,Royce,O'Neale,Forward,Forward,70,8.8,5.1,3.7,0.6,0.9,1.5,0.7,4.3,7.8,3,0.9,0.7,2.1
1626224,n1626224.png,Cedi,Osman,Forward,Forward,64,8.7,2.3,1.5,0.1,0.5,0.7,0.3,2,6.9,3.1,1.4,1,1.5
1626246,n1626246.png,Boban,Marjanovic,Center,Center,56.3,3.3,1.9,0.3,0.1,0.2,0.5,0.6,1.3,1.9,1.3,0.9,0.6,0
1627732,n1627732.png,Ben,Simmons,Guard,Forward,73.1,6.9,6.3,6.1,0.6,1.3,2.3,1,5.3,5.6,3.2,1.4,0.6,0
1627734,n1627734.png,Domantas,Sabonis,Forward,Center,94.8,19.1,12.3,7.3,0.5,0.8,2.9,3.2,9.1,11.9,7.3,5.5,4.1,0.4
1627736,n1627736.png,Malik,Beasley,Guard,Guard,68.9,12.7,3.5,1.5,0.1,0.8,1.1,0.4,3.1,11.6,4.6,0.8,0.6,2.9
1627739,n1627739.png,Kris,Dunn,Guard,Guard,78.4,13.2,4.5,5.6,0.5,1.1,1.6,0.4,4.1,9.8,5.3,2.4,1.9,0.8
1627741,n1627741.png,Buddy,Hield,Guard,Guard,78.3,16.8,5,2.8,0.3,1.2,1.7,0.8,4.2,13,5.9,1.6,1.3,3.6
1627742,n1627742.png,Brandon,Ingram,Forward,Forward,90.1,24.7,5.5,5.8,0.4,0.7,3.3,0.5,5,18.6,9,6,5.3,1.4
1627745,n1627745.png,Damian,Jones,Center,Center,58.3,3.5,3,0.4,0.5,0.2,0.6,1,2,2.1,1.3,0.7,0.5,0.2
1627747,n1627747.png,Caris,LeVert,Guard,Guard,72.2,12.1,3.8,3.9,0.3,1,1.6,0.7,3.1,10,4.3,2.4,1.8,1.7
1627749,n1627749.png,Dejounte,Murray,Guard,Guard,86.4,20.5,5.3,6.1,0.3,1.5,2.2,0.7,4.5,17.8,8.3,2.6,2.1,1.8
1627750,n1627750.png,Jamal,Murray,Guard,Guard,84.4,20,4,6.2,0.2,1,2.2,0.7,3.2,16,7.3,3.3,2.8,2.6
1627751,n1627751.png,Jakob,Poeltl,Center,Center,79.2,12.5,9.1,2.7,1.2,0.9,1.7,3.3,5.8,8.6,5.4,2.8,1.7,0
1627752,n1627752.png,Taurean,Prince,Forward,Forward,64.9,9.1,2.4,1.6,0.3,0.5,1.3,0.3,2.2,7,3.3,1.4,1.2,1.4
1627759,n1627759.png,Jaylen,Brown,Guard,Forward,90.9,26.6,6.9,3.5,0.4,1.1,2.9,1.2,5.7,20.6,10.1,5.1,3.9,2.4
1627763,n1627763.png,Malcolm,Brogdon,Guard,Guard,76.5,14.9,4.2,3.7,0.3,0.7,1.5,0.6,3.6,10.9,5.3,2.7,2.4,2
1627777,n1627777.png,Georges,Niang,Forward,Forward,63.2,8.2,2.4,1,0.2,0.4,0.7,0.2,2.1,6.4,2.8,0.6,0.5,2
1627780,n1627780.png,Gary,Payton II,Guard,Guard,61.8,4.6,3.1,1.4,0.2,1,0.7,1.1,2,3.1,1.9,0.3,0.3,0.6
1627783,n1627783.png,Pascal,Siakam,Forward,Forward,92,24.2,7.8,5.8,0.5,0.9,2.4,1.8,6,18.5,8.9,6.7,5.2,1.3
1627788,n1627788.png,Furkan,Korkmaz,Guard,Forward,55.9,3.8,1.1,0.6,0.1,0.3,0.6,0.2,1,3,1.3,1,0.7,0.5
1627814,n1627814.png,Damion,Lee,Guard,Forward,63.8,8.2,3,1.3,0.1,0.4,1.1,0.5,2.5,6.1,2.7,1.4,1.3,1.5
1627823,n1627823.png,Juancho,Hernangomez,Forward,Forward,56.8,2.9,2.9,0.6,0.1,0.4,0.4,0.6,2.3,2.7,1.1,0.4,0.2,0.4
1627826,n1627826.png,Ivica,Zubac,Center,Center,75.4,10.8,9.9,1,1.3,0.4,1.5,3.1,6.8,6.8,4.3,3.1,2.2,0
1627827,n1627827.png,Dorian,Finney-Smith,Forward,Forward,66.3,8.3,4.8,1.5,0.5,0.8,0.9,1.7,3.1,7.6,3,0.9,0.7,1.7
1627832,n1627832.png,Fred,VanVleet,Guard,Guard,85.3,19.3,4.1,7.2,0.6,1.8,2,0.4,3.6,16.1,6.3,4.1,3.7,3
1627853,n1627853.png,Ryan,Arcidiacono,Guard,Guard,53.2,1.3,0.8,1.2,0,0.2,0.4,0,0.8,1.8,0.4,0,0,0.4
1627854,n1627854.png,Bryn,Forbes,Guard,Guard,55.2,3.6,0.6,0.7,0.1,0.3,0.5,0.2,0.4,3.3,1.2,0.6,0.6,0.6
1627863,n1627863.png,Danuel,House Jr.,Forward,Guard,58.3,4.8,1.7,0.8,0.2,0.2,0.5,0.2,1.5,3.5,1.7,1.1,0.8,0.7
1627884,n1627884.png,Derrick,Jones Jr.,Forward,Forward,59.7,5,2.4,0.5,0.6,0.5,0.4,0.9,1.5,3.6,1.8,1.3,1,0.4
1627936,n1627936.png,Alex,Caruso,Guard,Guard,64.7,5.6,2.9,2.9,0.7,1.5,1.1,0.6,2.3,4.3,1.9,1.1,0.9,0.8
1628365,n1628365.png,Markelle,Fultz,Guard,Guard,77.9,14,3.9,5.7,0.4,1.4,2.3,1.2,2.8,11.3,5.8,2.4,1.9,0.4
1628368,n1628368.png,De'Aaron,Fox,Guard,Guard,90.6,25,4.2,6.1,0.3,1.1,2.5,0.5,3.6,18.2,9.3,6,4.7,1.6
1628369,n1628369.png,Jayson,Tatum,Forward,Guard,98.6,30.1,8.8,4.6,0.7,1.1,2.9,1.1,7.7,21.1,9.8,8.4,7.2,3.2
1628370,n1628370.png,Malik,Monk,Guard,Guard,72.6,13.5,2.6,3.9,0.3,0.6,1.9,0.4,2.2,10.3,4.6,2.7,2.4,1.9
1628371,n1628371.png,Jonathan,Isaac,Forward,Forward,61.2,5,4,0.5,0.4,1.3,0.4,1.4,2.6,4.8,2,0.8,0.5,0.5
1628372,n1628372.png,Dennis,Smith Jr.,Guard,Guard,69.1,8.8,3.1,4.8,0.5,1.4,1.5,0.5,2.6,8.4,3.4,2,1.4,0.4
1628373,n1628373.png,Frank,Ntilikina,Guard,Guard,55.6,2.9,1.3,1.2,0.1,0.3,0.6,0.1,1.2,2.8,1,0.7,0.5,0.4
1628374,n1628374.png,Lauri,Markkanen,Forward,Center,91.1,25.6,8.6,1.9,0.6,0.6,1.9,2,6.7,17.3,8.7,6,5.3,3
1628378,n1628378.png,Donovan,Mitchell,Guard,Guard,92.8,28.3,4.2,4.4,0.4,1.5,2.6,0.9,3.3,20.6,10,5.4,4.7,3.6
1628379,n1628379.png,Luke,Kennard,Guard,Guard,66,9.3,2.7,1.5,0.1,0.5,0.8,0.3,2.4,6.5,3.2,0.7,0.6,2.3
1628380,n1628380.png,Zach,Collins,Forward,Center,73.9,11.6,6.4,2.9,0.8,0.6,2,1.8,4.5,8.7,4.5,2.3,1.7,0.9
1628381,n1628381.png,John,Collins,Forward,Center,74.3,13.1,6.5,1.2,1,0.6,1.1,1.1,5.4,10,5.1,2.5,2,1
1628382,n1628382.png,Justin,Jackson,Forward,Forward,52.2,0.9,0.7,0.4,0.2,0.2,0.1,0.1,0.7,1.2,0.3,0.1,0,0.2
1628384,n1628384.png,O.G.,Anunoby,Forward,Forward,78.1,16.8,5,2,0.7,1.9,2,1.4,3.5,13.2,6.3,2.5,2.1,2.1
1628386,n1628386.png,Jarrett,Allen,Center,Center,81.1,14.2,9.8,1.7,1.2,0.8,1.4,3.2,6.5,9.2,5.9,3.2,2.4,0
1628389,n1628389.png,Bam,Adebayo,Center,Forward,87.3,20.4,9.2,3.2,0.8,1.2,2.5,2.5,6.7,14.9,8,5.4,4.3,0
1628392,n1628392.png,Isaiah,Hartenstein,Center,Forward,64.9,5,6.5,1.2,0.8,0.6,0.8,2.5,4,4,2.1,0.9,0.6,0.1
1628396,n1628396.png,Tony,Bradley,Center,Forward,53.1,1.6,0.9,0.1,0.1,0.1,0.1,0.1,0.8,1,0.5,0.3,0.3,0.2
1628398,n1628398.png,Kyle,Kuzma,Forward,Forward,84.1,21.2,7.2,3.7,0.5,0.6,3,0.9,6.4,17.8,8,3.7,2.7,2.5
1628401,n1628401.png,Derrick,White,Guard,Guard,74.1,12.4,3.6,3.9,0.9,0.7,1.2,0.6,2.9,9.2,4.3,2.3,2,1.8
1628402,n1628402.png,Frank,Jackson,Guard,Guard,51,0,2,1,0,0,0,1,1,3,0,0,0,0
1628404,n1628404.png,Josh,Hart,Guard,Guard,74.9,9.8,7.8,3.8,0.3,1.2,1.5,1.9,5.9,6.8,3.6,2.3,1.7,0.8
1628408,n1628408.png,PJ,Dozier,Guard,Forward,52.9,1.4,0.9,0.6,0.1,0.4,0.3,0.1,0.8,2.1,0.6,0,0,0.1
1628410,n1628410.png,Edmond,Sumner,Guard,Guard,61.4,7.1,1.5,1.3,0.2,0.6,0.9,0.2,1.2,5.1,2.3,2,1.9,0.6
1628415,n1628415.png,Dillon,Brooks,Guard,Forward,71.3,14.3,3.3,2.6,0.2,0.9,1.4,0.6,2.7,13.6,5.4,2.1,1.6,2
1628416,n1628416.png,Tyler,Dorsey,Guard,Guard,54.8,3,0.7,0,0,0,0,0.3,0.3,1.7,1.3,0,0,0.3
1628418,n1628418.png,Thomas,Bryant,Center,Forward,69,9.8,5.7,0.5,0.5,0.3,0.6,1.5,4.3,6.3,3.9,2.1,1.6,0.4
1628420,n1628420.png,Monte,Morris,Guard,Guard,72.7,10.3,3.4,5.3,0.2,0.7,1,0.4,3,8.3,4,1.2,1,1.3
1628425,n1628425.png,Sterling,Brown,Guard,Forward,52.7,0,2,0.5,0,0.8,0,0.8,1.2,1,0,0,0,0
1628427,n1628427.png,Vlatko,Cancar,Forward,Forward,59.8,5,2.1,1.3,0.2,0.4,0.6,0.4,1.7,3.8,1.8,0.7,0.6,0.7
1628432,n1628432.png,Davon,Reed,Guard,Guard,54.1,2.1,1.4,0.5,0.1,0.3,0.5,0.2,1.1,2,0.7,0.6,0.4,0.4
1628436,n1628436.png,Luke,Kornet,Center,Forward,59.6,3.8,2.9,0.8,0.7,0.2,0.4,1.2,1.6,2.5,1.6,0.6,0.5,0
1628449,n1628449.png,Chris,Boucher,Forward,Center,67.8,9.4,5.5,0.4,0.8,0.6,0.5,2.1,3.5,7,3.4,2.2,1.7,0.8
1628464,n1628464.png,Daniel,Theis,Forward,Center,63.1,7,3.1,1.3,0.9,0.3,0.4,1,2.1,6.3,3,1.7,0.7,0.3
1628467,n1628467.png,Maxi,Kleber,Forward,Forward,63,5.9,3.6,1.4,0.8,0.3,0.7,0.8,2.8,4.6,2.1,1,0.7,1.1
1628470,n1628470.png,Torrey,Craig,Forward,Forward,66.8,7.4,5.4,1.5,0.8,0.6,0.9,1.8,3.6,6.3,2.9,0.6,0.4,1.3
1628960,n1628960.png,Grayson,Allen,Guard,Guard,68.6,10.4,3.3,2.3,0.2,0.9,1,0.8,2.4,7.7,3.4,1.8,1.6,2
1628962,n1628962.png,Udoka,Azubuike,Center,Forward,58.6,3.5,3.3,0.3,0.4,0.2,0.5,0.9,2.4,2,1.6,0.6,0.2,0
1628963,n1628963.png,Marvin,Bagley III,Forward,Forward,71.9,12,6.4,0.9,0.7,0.5,1.1,2.2,4.2,9.1,4.8,2.6,1.9,0.5
1628964,n1628964.png,Mo,Bamba,Center,Center,64.3,6.6,4.6,0.9,0.9,0.3,0.6,1.2,3.4,4.9,2.4,1.3,0.8,1
1628966,n1628966.png,Keita,Bates-Diop,Forward,Forward,67.4,9.7,3.7,1.5,0.3,0.7,0.8,1,2.7,6.9,3.5,2.2,1.8,0.8
1628969,n1628969.png,Mikal,Bridges,Guard,Forward,82.2,20.1,4.4,3.3,0.7,1.1,1.5,1,3.4,15.3,7.1,4.3,3.8,2
1628971,n1628971.png,Bruce,Brown,Guard,Forward,72.4,11.5,4.1,3.4,0.6,1.1,1.5,0.8,3.3,9.3,4.5,1.9,1.4,1.1
1628972,n1628972.png,Troy,Brown Jr.,Guard,Forward,64.1,7.1,4.1,1.2,0.2,0.8,0.6,0.8,3.2,6.1,2.6,0.5,0.4,1.4
1628973,n1628973.png,Jalen,Brunson,Guard,Guard,88.7,24,3.5,6.2,0.2,0.9,2.1,0.6,3,17.6,8.6,5.8,4.8,2
1628975,n1628975.png,Jevon,Carter,Guard,Guard,65.2,8,2.5,2.4,0.4,0.8,1,0.4,2.1,7,3,0.5,0.4,1.8
1628976,n1628976.png,Wendell,Carter Jr.,Center,Forward,79.2,15.2,8.7,2.3,0.6,0.5,1.9,2.1,6.6,10.8,5.6,3.4,2.5,1.4
1628977,n1628977.png,Hamidou,Diallo,Guard,Guard,65.7,9.3,3.5,1,0.3,0.9,1.3,1,2.4,6.7,3.8,2.6,1.6,0.1
1628978,n1628978.png,Donte,DiVincenzo,Guard,Guard,70.2,9.4,4.5,3.5,0.1,1.3,1.6,1.1,3.4,7.5,3.3,1,0.8,2.1
1628981,n1628981.png,Bruno,Fernando,Forward,Center,59.8,3.9,3.5,0.8,0.9,0.2,0.6,1.4,2.1,2.9,1.5,1.3,0.9,0
1628983,n1628983.png,Shai,Gilgeous-Alexander,Guard,Guard,99.4,31.4,4.8,5.5,1,1.6,2.8,0.9,4,20.3,10.4,10.9,9.8,0.9
1628984,n1628984.png,Devonte',Graham,Guard,Guard,63.2,7.4,1.7,2.7,0.2,0.6,0.7,0.3,1.4,5.9,2.2,1.8,1.3,1.6
1628988,n1628988.png,Aaron,Holiday,Guard,Guard,57.7,3.9,1.2,1.4,0.2,0.6,0.6,0.4,0.8,3.5,1.5,0.5,0.4,0.6
1628989,n1628989.png,Kevin,Huerter,Guard,Forward,75.4,15.2,3.3,2.9,0.3,1.1,1.3,0.6,2.8,11.5,5.6,1.7,1.3,2.7
1628991,n1628991.png,Jaren,Jackson Jr.,Forward,Center,83.2,18.6,6.8,1,3,1,1.7,1.7,5,13,6.6,4.9,3.8,1.6
1628993,n1628993.png,Alize,Johnson,Forward,Forward,54.1,1.8,2.5,0.2,0,0.2,1,0.5,2,1.5,0.8,0.5,0.2,0
1628995,n1628995.png,Kevin,Knox II,Forward,Forward,60.7,6.6,2.8,0.5,0.2,0.4,0.8,0.5,2.3,5.3,2.4,1,0.7,1
1628997,n1628997.png,Caleb,Martin,Forward,Forward,68.4,9.6,4.8,1.6,0.4,1,1.1,1.2,3.6,7.7,3.6,1.6,1.3,1.2
1628998,n1628998.png,Cody,Martin,Forward,Forward,60.7,5,3.4,1.6,0.1,0.6,0.3,1.1,2.3,5.1,2,1,0.6,0.4
1629001,n1629001.png,De'Anthony,Melton,Guard,Guard,70,10.1,4.1,2.6,0.5,1.6,1.3,0.9,3.2,8.5,3.6,1.1,0.9,2
1629002,n1629002.png,Chimezie,Metu,Forward,Center,60.1,4.9,3,0.6,0.3,0.3,0.5,0.7,2.3,3.3,2,1.1,0.8,0.1
1629003,n1629003.png,Shake,Milton,Guard,Forward,66.1,8.4,2.5,3.2,0.2,0.3,1.2,0.5,2,6.6,3.2,1.5,1.3,0.7
1629004,n1629004.png,Svi,Mykhailiuk,Guard,Forward,61.6,6.9,1.7,1.7,0.1,0.5,0.8,0.5,1.2,5.4,2.4,1.2,0.8,1.3
1629006,n1629006.png,Josh,Okogie,Guard,Guard,63.4,7.3,3.5,1.5,0.5,0.8,0.9,1.5,2,5.8,2.2,2.7,1.9,0.9
1629008,n1629008.png,Michael,Porter Jr.,Forward,Forward,77.3,17.4,5.5,1,0.5,0.6,1.1,1,4.5,13.2,6.4,1.9,1.5,3
1629011,n1629011.png,Mitchell,Robinson,Center,Forward,72.4,7.4,9.4,0.9,1.8,0.9,0.7,4.5,4.9,4.7,3.2,2.1,1,0
1629012,n1629012.png,Collin,Sexton,Guard,Guard,71.8,14.3,2.2,2.9,0.1,0.6,1.8,0.8,1.4,9.8,4.9,4.1,3.4,1
1629013,n1629013.png,Landry,Shamet,Guard,Guard,63.7,8.6,1.7,2.3,0.1,0.6,0.9,0.3,1.4,7.5,2.8,1.3,1.1,1.9
1629014,n1629014.png,Anfernee,Simons,Guard,Guard,81,21.1,2.6,4.1,0.2,0.7,2.1,0.3,2.3,16.9,7.5,2.9,2.6,3.4
1629018,n1629018.png,Gary,Trent Jr.,Guard,Forward,74.7,17.4,2.6,1.6,0.2,1.6,0.8,0.5,2.2,14.2,6.1,3.1,2.6,2.5
1629020,n1629020.png,Jarred,Vanderbilt,Forward,Forward,70.6,7.9,7.5,2.4,0.3,1.1,1.2,2.2,5.3,5.8,3.2,1.8,1.2,0.4
1629021,n1629021.png,Moritz,Wagner,Forward,Center,68.6,10.5,4.5,1.5,0.2,0.6,1.2,1.2,3.3,6.9,3.5,3.2,2.7,0.9
1629022,n1629022.png,Lonnie,Walker IV,Guard,Forward,66.5,11.7,1.9,1.1,0.3,0.5,0.8,0.2,1.7,9.4,4.2,1.9,1.6,1.6
1629023,n1629023.png,P.J.,Washington,Forward,Forward,76.1,15.7,4.9,2.4,1.1,0.9,1.5,1,3.9,13.4,5.9,2.4,1.7,2
1629026,n1629026.png,Kenrich,Williams,Guard,Forward,67.6,8,4.9,2,0.3,0.8,0.6,1.8,3.1,6.5,3.4,0.7,0.3,0.9
1629027,n1629027.png,Trae,Young,Guard,Guard,93.6,26.2,3,10.2,0.1,1.1,4.1,0.8,2.2,19,8.2,8.8,7.8,2.1
1629028,n1629028.png,Deandre,Ayton,Center,Center,84.4,18,10,1.7,0.8,0.6,1.8,2.6,7.4,13.2,7.8,3,2.3,0.1
1629029,n1629029.png,Luka,Doncic,Forward,Guard,105,32.4,8.6,8,0.5,1.4,3.6,0.8,7.8,22,10.9,10.5,7.8,2.8
1629033,n1629033.png,Theo,Pinson,Guard,Forward,55.7,2.4,1.6,1.2,0,0.2,0.3,0.2,1.3,2.2,0.8,0.3,0.3,0.6
1629048,n1629048.png,Goga,Bitadze,Center,Forward,60.8,4.4,3.6,1,0.7,0.4,0.6,1.6,2,3.3,1.8,1.1,0.6,0.2
1629052,n1629052.png,Oshae,Brissett,Forward,Guard,60.7,6.1,3.4,0.7,0.2,0.5,0.5,1,2.4,4.9,1.9,2.2,1.6,0.7
1629056,n1629056.png,Terence,Davis,Guard,Guard,61.1,6.7,2.2,1,0.2,0.7,0.8,0.3,1.9,5.7,2.4,0.7,0.5,1.4
1629057,n1629057.png,Robert,Williams III,Center,Forward,72.5,8,8.3,1.4,1.4,0.6,1,3,5.4,4.9,3.6,1.2,0.7,0
1629060,n1629060.png,Rui,Hachimura,Forward,Forward,68.3,11.2,4.5,0.9,0.4,0.3,0.8,0.8,3.7,9.3,4.5,1.9,1.4,0.8
1629111,n1629111.png,Jock,Landale,Center,Center,63.1,6.6,4.1,1,0.4,0.2,0.9,1.7,2.3,4.9,2.6,1.5,1.1,0.3
1629117,n1629117.png,Wenyen,Gabriel,Forward,Forward,62,5.5,4.2,0.5,0.5,0.4,0.7,1.7,2.5,3.8,2.3,1.2,0.8,0.1
1629126,n1629126.png,Deonte,Burton,Guard,Forward,49.2,0,0,0,0,0,0,0,0,1,0,0,0,0
1629130,n1629130.png,Duncan,Robinson,Forward,Forward,59.5,6.4,1.6,1.1,0,0.3,0.7,0.2,1.5,5.6,2.1,0.8,0.7,1.5
1629134,n1629134.png,Kendrick,Nunn,Guard,Guard,60.8,7.1,1.6,1.3,0.1,0.4,0.9,0.2,1.3,6.4,2.7,0.6,0.5,1.1
1629139,n1629139.png,Yuta,Watanabe,Guard,Forward,60.6,5.6,2.4,0.8,0.3,0.4,0.4,0.5,1.9,4,2,0.8,0.6,1
1629162,n1629162.png,Jordan,McLaughlin,Guard,Guard,60.2,3.7,1.4,3.4,0.1,0.7,0.8,0.3,1.1,3.4,1.4,0.4,0.3,0.6
1629216,n1629216.png,Gabe,Vincent,Guard,Guard,65.6,9.4,2.1,2.5,0.1,0.9,1.4,0.4,1.7,8.3,3.4,1.1,1,1.7
1629234,n1629234.png,Drew,Eubanks,Forward,Center,66.9,6.6,5.4,1.3,1.3,0.5,0.9,1.7,3.7,4.3,2.7,1.6,1.1,0.1
1629308,n1629308.png,Juan,Toscano-Anderson,Forward,Forward,57.2,3,2.4,1.2,0.2,0.3,0.7,0.5,1.8,2.8,1.2,0.5,0.4,0.2
1629312,n1629312.png,Haywood,Highsmith,Forward,Forward,59.6,4.4,3.5,0.8,0.3,0.7,0.8,1.1,2.4,4,1.7,0.5,0.2,0.7
1629599,n1629599.png,Amir,Coffey,Guard,Forward,55.8,3.4,1.1,1.1,0.1,0.1,0.4,0.3,0.7,2.9,1.1,1.3,1,0.2
1629603,n1629603.png,Mamadi,Diakite,Forward,Forward,55.3,2.6,1.4,0.4,0.4,0.2,0.5,0.4,1,2.3,1.1,0.1,0.1,0.3
1629611,n1629611.png,Terance,Mann,Guard,Forward,67,8.8,3.4,2.3,0.3,0.5,1,1,2.5,6.5,3.4,1.5,1.1,1
1629614,n1629614.png,Andrew,Nembhard,Guard,Forward,69.1,9.5,2.7,4.5,0.2,0.9,1.7,0.5,2.2,8.6,3.8,0.8,0.7,1.2
1629622,n1629622.png,Max,Strus,Guard,Forward,68.5,11.5,3.2,2.1,0.2,0.5,0.9,0.6,2.6,9.9,4,1.1,1,2.5
1629623,n1629623.png,Lindell,Wigginton,Guard,Guard,61.1,7.1,1,2,0.3,0,1.7,0,1,5.3,2.6,1.3,1.1,0.9
1629626,n1629626.png,Bol,Bol,Center,Forward,68.7,9.1,5.8,1,1.2,0.4,1.6,1,4.8,6.8,3.7,1.5,1.2,0.4
1629627,n1629627.png,Zion,Williamson,Forward,Forward,93.3,26,7,4.6,0.6,1.1,3.4,2,5,16.2,9.8,8.6,6.1,0.2
1629628,n1629628.png,RJ,Barrett,Forward,Guard,78.1,19.6,5,2.8,0.2,0.4,2.2,0.8,4.2,16.1,7,5.4,4,1.7
1629629,n1629629.png,Cam,Reddish,Forward,Guard,65.4,9.7,2.2,1.4,0.4,1,1.2,0.4,1.8,7.8,3.5,1.9,1.6,1.1
1629630,n1629630.png,Ja,Morant,Guard,Guard,94.1,26.2,5.9,8.1,0.3,1.1,3.4,1,4.9,19.9,9.3,8.1,6.1,1.5
1629631,n1629631.png,De'Andre,Hunter,Forward,Guard,73.1,15.4,4.2,1.4,0.3,0.5,1.2,0.7,3.6,12.3,5.7,3.1,2.6,1.5
1629632,n1629632.png,Coby,White,Guard,Guard,67.7,9.7,2.9,2.8,0.1,0.7,1,0.2,2.6,8,3.6,0.9,0.8,1.7
1629633,n1629633.png,Jarrett,Culver,Guard,Forward,59,4.4,3.8,0.6,0.2,0.6,0.7,1,2.8,4.3,1.7,1.3,0.9,0.1
1629634,n1629634.png,Brandon,Clarke,Forward,Forward,70.6,10,5.5,1.3,0.7,0.6,1,1.6,3.9,6.2,4.1,2.4,1.8,0
1629636,n1629636.png,Darius,Garland,Guard,Guard,86.7,21.6,2.7,7.8,0.1,1.2,2.9,0.4,2.3,16.4,7.6,4.7,4,2.4
1629637,n1629637.png,Jaxson,Hayes,Center,Forward,59.7,5,2.8,0.7,0.4,0.4,0.7,0.8,2,3.3,1.8,1.8,1.2,0.1
1629638,n1629638.png,Nickeil,Alexander-Walker,Guard,Guard,61.2,6.2,1.7,1.8,0.4,0.5,0.9,0.3,1.5,5,2.2,1,0.7,1
1629639,n1629639.png,Tyler,Herro,Guard,Guard,82.6,20.1,5.4,4.2,0.2,0.8,2.4,0.4,5,16.6,7.3,2.7,2.5,3
1629640,n1629640.png,Keldon,Johnson,Forward,Guard,81.8,22,5,2.9,0.2,0.7,2.1,0.9,4.2,17.7,8,5.2,3.9,2.1
1629641,n1629641.png,Romeo,Langford,Guard,Forward,62.2,6.9,2.7,1.2,0.3,0.6,0.7,1.3,1.3,6,2.8,1.3,0.9,0.4
1629642,n1629642.png,Nassir,Little,Forward,Guard,61.4,6.6,2.6,0.9,0.4,0.4,0.7,0.5,2.1,5.6,2.5,0.9,0.6,1.1
1629643,n1629643.png,Chuma,Okeke,Forward,Forward,60.9,4.7,3.6,1.4,0.4,0.7,0.6,1,2.6,4.5,1.6,0.8,0.6,1
1629644,n1629644.png,KZ,Okpala,Forward,Guard,53.4,1.3,1,0.4,0.2,0.2,0.2,0.2,0.8,1.1,0.5,0.2,0.2,0.2
1629645,n1629645.png,Kevin,Porter Jr.,Guard,Forward,83.2,19.2,5.3,5.7,0.3,1.4,3.2,1.3,4,15,6.6,4.5,3.5,2.4
1629646,n1629646.png,Charles,Bassey,Center,Forward,65.1,5.7,5.5,1.3,0.9,0.5,1.2,2.1,3.4,3.9,2.5,1.1,0.6,0.1
1629647,n1629647.png,Darius,Bazley,Forward,Forward,60.8,5.2,3.2,0.9,0.8,0.5,0.6,0.8,2.4,4.3,1.9,1.6,0.9,0.5
1629650,n1629650.png,Moses,Brown,Center,Center,59,4.3,3.9,0.1,0.4,0.1,0.4,1.6,2.3,2.7,1.7,2,0.9,0
1629651,n1629651.png,Nic,Claxton,Center,Center,80.8,12.6,9.2,1.9,2.5,0.9,1.3,2.4,6.8,7.7,5.4,3.2,1.8,0
1629652,n1629652.png,Luguentz,Dort,Guard,Guard,71.6,13.7,4.6,2.1,0.3,1,1.2,1.7,2.9,11.8,4.6,3.5,2.7,1.8
1629653,n1629653.png,Devon,Dotson,Guard,Guard,53.6,0.5,1.7,1.3,0,0.8,0.5,1,0.7,1.7,0.2,0,0,0.2
1629655,n1629655.png,Daniel,Gafford,Forward,Center,69.9,9,5.6,1.1,1.3,0.4,1.1,2.1,3.5,5.1,3.7,2.4,1.6,0
1629656,n1629656.png,Quentin,Grimes,Guard,Guard,69.5,11.3,3.2,2.1,0.4,0.7,1,0.7,2.5,8.5,4,1.4,1.1,2.2
1629659,n1629659.png,Talen,Horton-Tucker,Guard,Guard,69.1,10.7,3.2,3.8,0.4,0.6,1.9,0.6,2.6,9.4,4,2.6,1.9,0.9
1629660,n1629660.png,Ty,Jerome,Guard,Forward,63.8,6.9,1.7,3,0.1,0.5,0.7,0.2,1.6,5.4,2.6,0.9,0.8,0.8
1629661,n1629661.png,Cameron,Johnson,Forward,Forward,75.5,15.5,4.4,1.9,0.3,1.2,0.9,0.8,3.6,11.3,5.3,2.9,2.4,2.5
1629662,n1629662.png,Mfiondu,Kabengele,Center,Center,53.9,1.5,2.5,0,0,0.5,0.2,1.2,1.2,1.8,0.5,0.5,0.5,0
1629663,n1629663.png,Louis,King,Forward,Forward,81.6,20,4,2,0,1,2,2,2,13,8,1,0,4
1629667,n1629667.png,Jalen,McDaniels,Forward,Center,67.4,9.4,4.3,1.6,0.4,1,1.2,0.8,3.5,7.7,3.5,1.7,1.4,1
1629669,n1629669.png,Jaylen,Nowell,Guard,Guard,66.9,10.8,2.6,2,0.1,0.6,1,0.6,2.1,9.6,4.3,1.5,1.2,1
1629670,n1629670.png,Jordan,Nwora,Forward,Forward,64.8,8.7,3.7,1.4,0.2,0.4,1.1,0.8,2.9,7.2,3.1,1.4,1.1,1.4
1629673,n1629673.png,Jordan,Poole,Guard,Guard,79.9,20.4,2.7,4.5,0.3,0.8,3.1,0.4,2.4,15.6,6.7,5.1,4.4,2.6
1629674,n1629674.png,Neemias,Queta,Center,Center,55.7,2.4,2.2,0.2,0.4,0,0.2,1,1.2,1.8,1.2,0.4,0,0
1629675,n1629675.png,Naz,Reid,Center,Forward,70.6,11.5,4.9,1.1,0.8,0.6,1.4,1.1,3.8,8.5,4.6,1.9,1.3,1.1
1629676,n1629676.png,Isaiah,Roby,Forward,Forward,57.9,4.1,2.5,0.9,0.2,0.4,0.7,0.5,2,3.7,1.6,1,0.5,0.4
1629678,n1629678.png,Admiral,Schofield,Forward,Forward,57.6,4.2,1.7,0.8,0.1,0.2,0.4,0.6,1.1,3.3,1.5,0.6,0.6,0.6
1629680,n1629680.png,Matisse,Thybulle,Guard,Forward,59,4.1,2,0.7,0.5,1.2,0.3,0.6,1.4,3.6,1.5,0.4,0.3,0.8
1629684,n1629684.png,Grant,Williams,Forward,Forward,66.3,8.1,4.6,1.7,0.4,0.5,1,1.1,3.5,6,2.7,1.5,1.2,1.5
1629685,n1629685.png,Dylan,Windler,Guard,Forward,52.8,1.7,0,0.3,0,0.3,0.3,0,0,1,0.7,0,0,0.3
1629714,n1629714.png,Jarrell,Brantley,Forward,Forward,59.9,5.5,1.5,0.8,0.5,0,0.5,0.2,1.2,3.5,2,0.5,0.5,1
1629723,n1629723.png,John,Konchar,Guard,Guard,62.8,5.1,4.3,1.4,0.3,1.1,0.5,0.9,3.4,4.4,1.9,0.5,0.4,0.8
1629726,n1629726.png,Garrison,Mathews,Guard,Guard,57.5,4.8,1.4,0.5,0.1,0.4,0.4,0.2,1.1,3.7,1.4,1,0.9,1.2
1629731,n1629731.png,Dean,Wade,Forward,Center,60.5,4.7,3.4,0.8,0.5,0.6,0.4,0.5,3,4,1.7,0.5,0.3,1
1629735,n1629735.png,Chris,Silva,Forward,Forward,52.3,2,0,0,0,0,1,0,0,1,1,0,0,0
1629750,n1629750.png,Javonte,Green,Guard,Guard,61.1,5.2,2.8,0.7,0.7,0.8,0.6,0.8,1.9,3.4,1.9,1.4,0.9,0.4
1629875,n1629875.png,Xavier,Moon,Guard,Guard,53.9,1.8,0.8,1.2,0,0,0.2,0,0.8,2.2,0.8,0,0,0.2
1630162,n1630162.png,Anthony,Edwards,Guard,Guard,88.6,24.6,5.8,4.4,0.7,1.6,3.3,0.6,5.2,19.5,8.9,5.3,4,2.7
1630163,n1630163.png,LaMelo,Ball,Guard,Guard,91.6,23.3,6.4,8.4,0.3,1.3,3.6,1.2,5.2,20,8.2,3.4,2.8,4
1630164,n1630164.png,James,Wiseman,Center,Center,68.6,10,5.9,0.7,0.6,0.2,1.1,1.6,4.3,7.5,4.2,2.2,1.5,0.1
1630165,n1630165.png,Killian,Hayes,Guard,Guard,71.5,10.3,2.9,6.2,0.4,1.4,2.3,0.4,2.5,10.7,4,1.5,1.2,1.1
1630166,n1630166.png,Deni,Avdija,Forward,Forward,70.1,9.2,6.4,2.8,0.4,0.9,1.6,1,5.4,7.6,3.3,2.2,1.6,0.9
1630167,n1630167.png,Obi,Toppin,Forward,Forward,62.5,7.4,2.8,1,0.2,0.3,0.6,0.4,2.4,6.3,2.8,0.7,0.6,1.3
1630168,n1630168.png,Onyeka,Okongwu,Forward,Center,72.6,9.9,7.2,1,1.3,0.7,1,2.7,4.5,6.2,4,2.4,1.9,0
1630169,n1630169.png,Tyrese,Haliburton,Guard,Guard,92.5,20.7,3.7,10.4,0.4,1.6,2.5,0.6,3.1,15,7.4,3.6,3.1,2.9
1630170,n1630170.png,Devin,Vassell,Guard,Forward,79.4,18.5,3.9,3.6,0.4,1.1,1.5,0.2,3.7,15.7,6.9,2.6,2.1,2.7
1630171,n1630171.png,Isaac,Okoro,Forward,Guard,62,6.4,2.5,1.1,0.4,0.7,0.6,0.7,1.8,4.7,2.3,1.4,1,0.8
1630172,n1630172.png,Patrick,Williams,Forward,Forward,68.2,10.2,4,1.2,0.9,0.9,1.2,1,3,8.3,3.8,1.3,1.1,1.4
1630173,n1630173.png,Precious,Achiuwa,Forward,Forward,67.7,9.2,6,0.9,0.5,0.6,1.1,1.8,4.1,7.3,3.6,2.3,1.6,0.5
1630174,n1630174.png,Aaron,Nesmith,Guard,Forward,67.3,10.1,3.8,1.3,0.5,0.8,1,0.8,2.9,8.1,3.5,1.9,1.6,1.6
1630175,n1630175.png,Cole,Anthony,Guard,Guard,74.6,13,4.8,3.9,0.5,0.6,1.5,0.8,4,10.2,4.6,2.8,2.5,1.2
1630176,n1630176.png,Vernon,Carey Jr.,Center,Center,52.1,0.5,1,0.3,0.2,0.2,0.2,0.3,0.7,0.7,0.2,0.2,0.2,0
1630177,n1630177.png,Theo,Maledon,Guard,Guard,64.6,6.7,2.8,3.5,0.3,0.8,1.3,0.3,2.5,5.8,2.3,1.7,1.4,0.6
1630178,n1630178.png,Tyrese,Maxey,Guard,Guard,80.7,20.3,2.9,3.5,0.1,0.8,1.3,0.4,2.6,15.2,7.3,3.6,3,2.7
1630180,n1630180.png,Saddiq,Bey,Forward,Forward,72.1,13.8,4.7,1.5,0.2,0.9,0.9,1.3,3.4,10.9,4.6,3.1,2.7,2
1630181,n1630181.png,R.J.,Hampton,Guard,Guard,60.5,6.4,1.9,1.1,0.2,0.6,0.9,0.4,1.5,5,2.2,1.6,1.2,0.9
1630182,n1630182.png,Josh,Green,Guard,Guard,65.9,9.1,3,1.7,0.1,0.7,1.2,0.9,2.1,6.4,3.4,1.6,1.1,1.1
1630183,n1630183.png,Jaden,McDaniels,Forward,Forward,71.8,12.1,3.9,1.9,1,0.9,1.4,1.2,2.7,9.1,4.7,1.8,1.3,1.4
1630184,n1630184.png,Kira,Lewis Jr.,Guard,Guard,57.9,4.6,1.3,0.9,0.1,0.4,0.4,0.2,1.1,3.5,1.6,0.9,0.8,0.6
1630188,n1630188.png,Jalen,Smith,Forward,Center,68.2,9.4,5.8,1,0.9,0.3,1.1,1.9,3.9,7.5,3.6,2,1.5,0.8
1630191,n1630191.png,Isaiah,Stewart,Forward,Center,72.3,11.3,8.1,1.4,0.7,0.4,1.4,2.3,5.8,8.8,3.9,3,2.2,1.3
1630192,n1630192.png,Zeke,Nnaji,Forward,Center,59.5,5.2,2.6,0.3,0.4,0.3,0.6,1.2,1.4,3.7,2.1,1.2,0.8,0.3
1630193,n1630193.png,Immanuel,Quickley,Guard,Guard,75.6,14.9,4.2,3.4,0.2,1,1.2,0.7,3.4,11.6,5.2,3.1,2.5,2.1
1630194,n1630194.png,Paul,Reed,Forward,Forward,60.7,4.2,3.8,0.4,0.7,0.7,0.7,1.6,2.2,3,1.8,0.7,0.6,0
1630195,n1630195.png,Leandro,Bolmaro,Forward,Forward,50.8,0.4,0.5,0.5,0.1,0.2,0.5,0.3,0.2,1.4,0.2,0,0,0
1630197,n1630197.png,Aleksej,Pokusevski,Forward,Forward,67.3,8.1,4.7,1.9,1.3,0.6,1.3,1.3,3.4,7.3,3.2,1,0.6,1.1
1630198,n1630198.png,Isaiah,Joe,Guard,Guard,65.2,9.5,2.4,1.2,0.1,0.7,0.5,0.4,2,7,3.1,1.4,1.1,2.2
1630200,n1630200.png,Tre,Jones,Guard,Guard,77,12.9,3.6,6.6,0.1,1.3,1.6,0.8,2.8,10.9,5,2.5,2.2,0.7
1630201,n1630201.png,Malachi,Flynn,Guard,Guard,57.7,4.6,1.4,1.3,0.1,0.4,0.5,0.3,1.2,4.6,1.6,0.6,0.5,0.9
1630202,n1630202.png,Payton,Pritchard,Guard,Guard,59.2,5.6,1.8,1.3,0,0.3,0.8,0.5,1.3,5.1,2.1,0.3,0.2,1.2
1630205,n1630205.png,Lamar,Stevens,Forward,Forward,60.1,5.3,3.3,0.5,0.3,0.4,0.4,0.8,2.6,4.6,2.1,0.9,0.6,0.5
1630208,n1630208.png,Nick,Richards,Center,Center,68.1,8.2,6.4,0.6,1.1,0.2,0.9,2.3,4.1,4.8,3,2.8,2.1,0
1630209,n1630209.png,Omer,Yurtseven,Center,Center,58.5,4.4,2.6,0.2,0.2,0.2,0.4,0.9,1.7,3,1.8,0.7,0.6,0.3
1630214,n1630214.png,Xavier,Tillman,Forward,Forward,66.7,7,5,1.6,0.5,1,0.7,2,3,5,3.1,1.5,0.8,0.1
1630215,n1630215.png,Jared,Butler,Guard,Guard,59.8,6.2,0.7,1.3,0,0.8,0.8,0.2,0.5,5.3,2.5,0,0,1.2
1630217,n1630217.png,Desmond,Bane,Guard,Guard,85.7,21.5,5,4.4,0.4,1,2.2,0.7,4.3,16.2,7.8,3.5,3.1,2.9
1630224,n1630224.png,Jalen,Green,Guard,Guard,80.6,22.1,3.7,3.7,0.2,0.8,2.6,0.6,3.2,17.9,7.4,6.1,4.8,2.5
1630225,n1630225.png,Isaiah,Todd,Forward,Forward,53,1.5,2,0.7,0,0.2,0.3,0.3,1.7,3.2,0.5,0.3,0.3,0.2
1630227,n1630227.png,Daishen,Nix,Guard,Guard,58,4,1.7,2.3,0.1,0.5,1.5,0.3,1.4,4.2,1.4,0.6,0.4,0.7
1630228,n1630228.png,Jonathan,Kuminga,Forward,Forward,67.5,9.9,3.4,1.9,0.5,0.6,1.4,1,2.4,7.4,3.9,2.1,1.3,0.8
1630230,n1630230.png,Naji,Marshall,Forward,Forward,66.6,9.1,3.6,2.5,0.2,0.7,1.3,0.6,3,7.4,3.2,2.3,1.8,0.9
1630231,n1630231.png,Kenyon,Martin Jr.,Forward,Forward,72.7,12.7,5.5,1.5,0.4,0.5,1.1,1.5,4,8.8,5,2.7,1.8,0.8
1630233,n1630233.png,Nathan,Knight,Forward,Center,56.2,3.7,1.5,0.3,0.2,0.3,0.6,0.6,0.9,2.1,1.2,1.5,1,0.2
1630235,n1630235.png,Trent,Forrest,Guard,Guard,56.2,2.3,1.6,1.7,0.1,0.3,0.7,0.2,1.4,2.6,1.1,0.1,0.1,0
1630237,n1630237.png,Anthony,Lamb,Forward,Forward,63.4,6.7,3.5,1.5,0.3,0.5,0.9,0.9,2.6,5.1,2.4,1,0.7,1.2
1630240,n1630240.png,Saben,Lee,Guard,Guard,61.6,6,1.8,2.7,0,0.8,1,0.5,1.3,4.8,2,2.3,1.7,0.4
1630241,n1630241.png,Sam,Merrill,Guard,Guard,59.3,5,1.8,1,0,0.8,0,0,1.8,4.4,1.8,0.4,0.4,1
1630243,n1630243.png,Trevelin,Queen,Guard,Guard,56.1,3,2.4,0.9,0.7,0.3,1,1.1,1.3,4.1,1,0.7,0.7,0.3
1630245,n1630245.png,Ayo,Dosunmu,Guard,Guard,66.4,8.6,2.8,2.6,0.3,0.8,1.2,0.6,2.2,7.1,3.5,1,0.8,0.7
1630249,n1630249.png,Vit,Krejci,Guard,Guard,52.9,1.2,0.9,0.6,0,0.2,0.2,0.2,0.7,1.3,0.5,0.1,0,0.2
1630250,n1630250.png,Marko,Simonovic,Center,Center,50.9,0.9,0.3,0,0,0,0,0.1,0.1,1,0.3,0.3,0.1,0.1
1630256,n1630256.png,Jae'Sean,Tate,Forward,Forward,67.1,9.1,3.8,2.7,0.2,0.7,1.5,1.3,2.5,7.4,3.5,2.2,1.6,0.4
1630264,n1630264.png,Anthony,Gill,Forward,Forward,56.4,3.3,1.7,0.6,0.2,0.1,0.3,0.6,1.1,2.2,1.2,1.1,0.8,0.1
1630267,n1630267.png,Facundo,Campazzo,Guard,Guard,53,1.2,0.2,1.1,0,0.8,0.4,0,0.2,1.6,0.4,0.2,0.1,0.4
1630284,n1630284.png,Kevon,Harris,Guard,Guard,57.4,4.1,2.1,0.5,0.1,0.5,0.6,0.8,1.2,3.1,1.4,1.2,0.9,0.5
1630288,n1630288.png,Jeff,Dowtin Jr.,Guard,Guard,55.3,2.4,0.9,1.2,0.1,0.4,0.2,0.2,0.7,2.3,1,0.4,0.2,0.2
1630296,n1630296.png,Braxton,Key,Forward,Forward,52.1,1.3,0.3,0,0,0,0,0,0.3,0.3,0.3,0.7,0.7,0
1630322,n1630322.png,Lindy,Waters III,Forward,Forward,58.9,5.2,1.8,0.7,0.3,0.3,0.2,0.4,1.4,4.3,1.7,0.5,0.4,1.4
1630346,n1630346.png,Matt,Ryan,Forward,Forward,55.1,3.6,0.8,0.5,0,0.1,0.2,0.1,0.6,3.2,1.2,0.4,0.3,0.9
1630526,n1630526.png,Jeremiah,Robinson-Earl,Forward,Forward,63.7,6.8,4.2,1,0.3,0.6,0.4,1.7,2.5,5.8,2.6,1,0.8,0.9
1630527,n1630527.png,Brandon,Boston Jr.,Guard,Guard,59.2,6.5,1.4,0.9,0,0.4,0.5,0.3,1,5.5,2.3,1.7,1.3,0.5
1630528,n1630528.png,Josh,Christopher,Guard,Guard,59,5.8,1.1,1.1,0.2,0.5,0.9,0.3,0.8,5.1,2.4,0.9,0.7,0.3
1630529,n1630529.png,Herbert,Jones,Forward,Forward,69.8,9.8,4.1,2.5,0.6,1.6,1.3,1.5,2.6,7.6,3.6,2.4,1.9,0.8
1630530,n1630530.png,Trey,Murphy III,Forward,Forward,73.7,14.5,3.6,1.4,0.5,1.1,0.8,0.7,2.8,10.1,4.9,2.4,2.2,2.6
1630531,n1630531.png,Jaden,Springer,Guard,Guard,55,2.6,0.9,0.5,0.2,0.4,0.2,0.4,0.5,2.2,1.1,0.5,0.4,0.1
1630532,n1630532.png,Franz,Wagner,Forward,Forward,79.6,18.6,4.1,3.5,0.2,1,2.1,0.9,3.2,14,6.8,4,3.4,1.6
1630533,n1630533.png,Ziaire,Williams,Forward,Forward,59.3,5.7,2.1,0.9,0.2,0.4,1,0.4,1.7,5.3,2.3,0.6,0.5,0.7
1630534,n1630534.png,Ochai,Agbaji,Guard,Guard,62.3,7.9,2.1,1.1,0.3,0.3,0.7,0.7,1.3,6.5,2.8,1.2,0.9,1.4
1630535,n1630535.png,Greg,Brown III,Forward,Forward,53.2,1.8,1.2,0.2,0.3,0.2,0.4,0.1,1.1,1.8,0.7,0.8,0.3,0.1
1630537,n1630537.png,Chris,Duarte,Guard,Guard,62.3,7.9,2.5,1.4,0.2,0.5,0.9,0.4,2.1,7.2,2.7,1.6,1.3,1.2
1630538,n1630538.png,Bones,Hyland,Guard,Guard,69,11.8,2.4,3.1,0.3,0.7,1.5,0.4,2.1,10.2,4.1,1.8,1.5,2.1
1630539,n1630539.png,Kai,Jones,Center,Forward,58,3.4,2.7,0.3,0.7,0.4,0.7,0.8,1.9,2.6,1.5,0.6,0.4,0.1
1630540,n1630540.png,Miles,McBride,Guard,Guard,55.9,3.5,0.8,1.1,0.1,0.6,0.4,0.2,0.6,3.4,1.2,0.7,0.4,0.6
1630541,n1630541.png,Moses,Moody,Guard,Guard,58.3,4.8,1.7,0.8,0.1,0.3,0.5,0.4,1.2,3.6,1.7,0.8,0.6,0.8
1630543,n1630543.png,Isaiah,Jackson,Forward,Forward,65.6,7.2,4.5,0.8,1.5,0.5,0.8,1.8,2.7,5,2.8,2.3,1.5,0
1630544,n1630544.png,Tre,Mann,Guard,Guard,62.6,7.7,2.3,1.8,0.2,0.6,0.9,0.4,1.9,7.5,2.9,0.8,0.6,1.2
1630547,n1630547.png,James,Bouknight,Guard,Guard,58.7,5.6,2.1,1.2,0.1,0.4,0.9,0.2,1.9,5.7,2,0.9,0.6,1
1630548,n1630548.png,Johnny,Juzang,Guard,Guard,57,4.8,2.2,0.4,0.2,0.2,0.2,0.4,1.7,5.8,1.9,0.2,0.1,0.8
1630549,n1630549.png,Day'Ron,Sharpe,Center,Center,61.1,4.7,4.2,0.8,0.7,0.3,0.9,2.1,2.1,3.6,1.9,1.1,0.7,0.1
1630550,n1630550.png,JT,Thor,Forward,Forward,57.1,3.8,2.2,0.5,0.3,0.3,0.6,0.5,1.7,3.4,1.4,0.7,0.5,0.6
1630551,n1630551.png,Justin,Champagnie,Guard,Forward,54.6,2.2,1.6,0.8,0,0.2,0,0.6,1,3,1,0,0,0.2
1630552,n1630552.png,Jalen,Johnson,Forward,Forward,62.6,5.6,4,1.2,0.5,0.5,0.6,0.7,3.3,4.6,2.3,1.1,0.7,0.4
1630553,n1630553.png,Keon,Johnson,Guard,Guard,57.7,4.7,1.1,1.5,0.2,0.5,1.1,0.3,0.8,4.4,1.7,1,0.7,0.7
1630554,n1630554.png,Jason,Preston,Guard,Guard,56.9,2.9,1.6,1.9,0,0.1,0.7,0.1,1.4,2.9,1.3,0.1,0,0.4
1630556,n1630556.png,Kessler,Edwards,Forward,Forward,55.7,2.8,1.7,0.6,0.2,0.4,0.4,0.6,1.1,2.6,1,0.4,0.3,0.5
1630557,n1630557.png,Corey,Kispert,Forward,Forward,67.5,11.1,2.8,1.2,0.1,0.4,0.7,0.4,2.4,7.9,3.9,1.2,1,2.2
1630558,n1630558.png,Davion,Mitchell,Guard,Guard,61,5.6,1.3,2.3,0.2,0.6,0.8,0.2,1.1,5,2.3,0.4,0.3,0.8
1630559,n1630559.png,Austin,Reaves,Guard,Guard,72.8,13,3,3.4,0.3,0.5,1.5,0.5,2.5,7.7,4,4.1,3.6,1.3
1630560,n1630560.png,Cam,Thomas,Guard,Guard,64.6,10.6,1.7,1.4,0.1,0.4,1.1,0.1,1.5,8,3.5,3.1,2.6,0.9
1630561,n1630561.png,David,Duke Jr.,Guard,Guard,56.2,3.7,1.3,0.9,0,0.4,0.8,0.5,0.8,3.4,1.6,0.7,0.5,0
1630563,n1630563.png,Joshua,Primo,Guard,Guard,64.7,7,3.2,4.5,0.5,0.2,2.8,0.5,2.8,6.5,2.2,2.2,1.8,0.8
1630567,n1630567.png,Scottie,Barnes,Forward,Forward,80.1,15.3,6.6,4.8,0.8,1.1,2,2.3,4.3,13.2,6,3.2,2.5,0.8
1630568,n1630568.png,Luka,Garza,Center,Center,60.4,6.5,2.2,0.6,0.1,0.1,0.5,1.2,1.1,4.1,2.2,1.9,1.5,0.5
1630570,n1630570.png,Trendon,Watford,Forward,Forward,65.4,7.4,3.8,2.1,0.2,0.5,1.1,0.7,3.2,5.2,2.9,1.6,1.2,0.4
1630572,n1630572.png,Sandro,Mamukelashvili,Forward,Center,62.7,6.1,4.3,1.4,0.3,0.3,0.8,1.6,2.7,5.3,2.3,1.3,0.9,0.7
1630573,n1630573.png,Sam,Hauser,Forward,Forward,61.7,6.4,2.6,0.9,0.3,0.4,0.4,0.4,2.1,5,2.2,0.2,0.2,1.8
1630577,n1630577.png,Julian,Champagnie,Forward,Forward,65.6,9.7,3.5,0.6,0.3,0.4,0.6,0.6,2.9,7.6,3.5,1,0.8,1.9
1630578,n1630578.png,Alperen,Sengun,Center,Center,81.6,14.8,9,3.9,0.9,0.9,2.6,3.2,5.8,10.7,5.9,3.8,2.7,0.3
1630579,n1630579.png,Jericho,Sims,Center,Center,60.6,3.4,4.7,0.5,0.5,0.3,0.5,1.9,2.8,2.1,1.6,0.3,0.2,0
1630580,n1630580.png,Joe,Wieskamp,Guard,Forward,51.2,1,0.4,0.3,0,0,0.1,0,0.4,1.6,0.3,0,0,0.3
1630581,n1630581.png,Josh,Giddey,Guard,Guard,84.1,16.6,7.9,6.2,0.4,0.8,2.8,1.9,5.9,14.7,7.1,1.9,1.4,1
1630583,n1630583.png,Santi,Aldama,Forward,Center,67.4,9,4.8,1.3,0.6,0.6,0.8,1.1,3.7,6.8,3.2,1.9,1.4,1.2
1630586,n1630586.png,Usman,Garuba,Forward,Forward,59.2,3,4.1,0.9,0.4,0.6,0.6,1.6,2.5,2.4,1.1,0.6,0.4,0.3
1630587,n1630587.png,Isaiah,Livers,Forward,Forward,61.8,6.7,2.8,0.8,0.5,0.5,0.6,0.5,2.2,5.5,2.3,0.8,0.6,1.4
1630590,n1630590.png,Scotty,Pippen Jr.,Guard,Guard,53.2,2.3,0.7,0.3,0.2,0.3,0.3,0.3,0.3,2,0.7,1.5,0.8,0.2
1630591,n1630591.png,Jalen,Suggs,Guard,Guard,67.8,9.9,3,2.9,0.5,1.3,1.8,1,2,8.4,3.5,2.2,1.6,1.2
1630593,n1630593.png,McKinley,Wright IV,Guard,Guard,59.2,4.2,1.7,2.1,0.2,0.3,0.7,0.3,1.4,3.6,1.7,0.7,0.5,0.3
1630595,n1630595.png,Cade,Cunningham,Guard,Guard,84,19.9,6.2,6,0.6,0.8,3.2,1,5.2,18.7,7.8,3.6,3,1.4
1630596,n1630596.png,Evan,Mobley,Center,Center,82.9,16.2,9,2.8,1.5,0.8,1.8,2.4,6.6,12,6.6,3.8,2.6,0.3
1630598,n1630598.png,Aaron,Wiggins,Guard,Guard,62.8,6.8,3,1.1,0.2,0.6,0.8,1,2,5.2,2.7,1,0.8,0.7
1630600,n1630600.png,Isaiah,Mobley,Forward,Forward,55.2,2.6,1.7,0.2,0.2,0.3,0.1,0.3,1.3,2.3,1,0.3,0.3,0.2
1630613,n1630613.png,Duane,Washington Jr.,Guard,Guard,60.8,7.9,1.2,2,0.1,0.2,1.1,0.1,1.1,8.3,3,0.8,0.5,1.3
1630620,n1630620.png,Darius,Days,Forward,Forward,56.1,3.8,1.5,0.2,0.2,0,0,0.2,1.2,3,1.2,0.5,0.5,0.8
1630625,n1630625.png,Dalano,Banton,Forward,Forward,58.3,4.6,1.5,1.2,0.4,0.4,0.6,0.4,1.1,4.2,1.8,0.8,0.5,0.5
1630631,n1630631.png,Jose,Alvarado,Guard,Guard,66.3,9,2.3,3,0.2,1.1,1.3,0.5,1.9,8,3.3,1.3,1.1,1.4
1630637,n1630637.png,Carlik,Jones,Guard,Guard,54.9,2.9,0.7,0.9,0,0.3,0.3,0.1,0.6,2.1,0.9,1.1,0.7,0.4
1630639,n1630639.png,A.J.,Lawson,Guard,Guard,55.6,3.7,1.4,0.1,0,0.1,0.2,0.4,1,2.9,1.5,0.5,0.1,0.7
1630643,n1630643.png,Jay,Huff,Center,Center,64.7,7.3,3,1.4,0.6,0.4,0.7,0.9,2.1,3.6,2.1,2.3,2.1,0.9
1630644,n1630644.png,Mac,McClung,Guard,Guard,73.4,12.5,5,4.5,0,0,1.5,1.5,3.5,10,4.5,2.5,1.5,2
1630647,n1630647.png,Eugene,Omoruyi,Forward,Forward,61.1,7,2.8,0.7,0.1,0.7,0.8,1.1,1.7,5.7,2.5,1.9,1.3,0.6
1630648,n1630648.png,Jordan,Schakel,Guard,Guard,53,1.5,0,0.5,0,0.5,0,0,0,1,0.5,0,0,0.5
1630649,n1630649.png,Stanley,Umude,Guard,Guard,54.1,2,0,0,1,1,0,0,0,1,0,2,2,0
1630678,n1630678.png,Terry,Taylor,Forward,Forward,55.4,2.9,1.5,0.3,0.2,0.1,0.3,0.9,0.6,2.4,1.3,0.4,0.2,0.2
1630688,n1630688.png,Ish,Wainright,Forward,Forward,58.6,4.2,2.3,0.9,0.4,0.6,0.4,0.8,1.6,3.8,1.4,0.5,0.4,1
1630692,n1630692.png,Jordan,Goodwin,Guard,Guard,64.8,6.6,3.3,2.7,0.4,0.9,0.9,0.9,2.4,5.7,2.5,1.1,0.9,0.6
1630695,n1630695.png,Micah,Potter,Center,Center,57.6,3.4,2.3,0.6,0,0.1,0.3,0.4,1.9,2.1,1.4,0,0,0.6
1630696,n1630696.png,Dru,Smith,Guard,Guard,57.5,2.9,1.6,1.5,0.3,0.7,0.2,0.1,1.5,3,1.2,0.2,0.2,0.3
1630699,n1630699.png,MarJon,Beauchamp,Forward,Forward,58.1,5.1,2.2,0.7,0.1,0.4,0.9,0.7,1.5,4.7,1.8,0.7,0.5,0.9
1630700,n1630700.png,Dyson,Daniels,Guard,Guard,60.5,3.8,3.2,2.3,0.2,0.7,1,0.6,2.6,3.5,1.5,0.7,0.4,0.5
1630701,n1630701.png,Michael,Foster Jr.,Forward,Forward,50,0,0,0,0,0,0,0,0,0,0,0,0,0
1630702,n1630702.png,Jaden,Hardy,Guard,Guard,63.2,8.8,1.9,1.4,0.1,0.4,1,0.2,1.6,6.9,3,1.6,1.4,1.3
1630792,n1630792.png,Malcolm,Hill,Forward,Forward,51.8,1,0.6,0,0,0,0,0,0.6,0.8,0.4,0,0,0.2
1630846,n1630846.png,Olivier,Sarr,Center,Center,59.1,4,3.4,0.4,0.6,0.1,0.4,1.3,2.1,3.3,1.7,0.8,0.6,0.1
1631093,n1631093.png,Jaden,Ivey,Guard,Guard,76.3,16.3,3.9,5.2,0.2,0.8,3.2,1,2.9,13.3,5.5,4.8,3.6,1.6
1631094,n1631094.png,Paolo,Banchero,Forward,Forward,81.7,20,6.9,3.7,0.5,0.8,2.8,1.2,5.7,15.6,6.7,7.4,5.5,1.2
1631095,n1631095.png,Jabari,Smith Jr.,Forward,Forward,72.8,12.8,7.2,1.3,0.9,0.5,1.3,1.5,5.7,11.3,4.6,2.6,2.1,1.5
1631097,n1631097.png,Bennedict,Mathurin,Guard,Forward,73.3,16.7,4.1,1.5,0.2,0.6,1.9,1.1,3,12.2,5.3,5.8,4.8,1.3
1631098,n1631098.png,Johnny,Davis,Guard,Guard,59.4,5.8,2.3,1,0.3,0.4,0.6,0.4,2,6.1,2.4,1,0.5,0.6
1631099,n1631099.png,Keegan,Murray,Forward,Forward,70.8,12.2,4.6,1.2,0.5,0.8,0.8,1.1,3.5,9.8,4.4,1,0.8,2.6
1631100,n1631100.png,AJ,Griffin,Forward,Forward,63.8,8.9,2.1,1,0.2,0.6,0.6,0.5,1.6,7.4,3.4,0.7,0.6,1.4
1631101,n1631101.png,Shaedon,Sharpe,Guard,Guard,65.7,9.9,3,1.2,0.3,0.5,1,0.8,2.2,8.1,3.8,1.3,0.9,1.3
1631102,n1631102.png,TyTy,Washington Jr.,Guard,Guard,58,4.7,1.5,1.5,0.1,0.5,0.5,0.1,1.4,5.2,1.9,0.6,0.3,0.6
1631103,n1631103.png,Malaki,Branham,Forward,Forward,66,10.2,2.7,1.9,0.1,0.5,1.2,0.4,2.3,9.3,4.1,1.1,0.9,1.2
1631104,n1631104.png,Blake,Wesley,Guard,Guard,59.4,5,2.2,2.7,0.1,0.7,1.8,0.3,1.9,5.8,1.9,1.2,0.7,0.5
1631105,n1631105.png,Jalen,Duren,Center,Center,72.4,9.1,8.9,1.1,0.9,0.7,1.4,3.4,5.5,5.9,3.9,2.3,1.4,0
1631106,n1631106.png,Tari,Eason,Forward,Forward,68.4,9.3,6,1.1,0.6,1.2,1.2,2.4,3.7,8,3.6,1.8,1.3,0.7
1631107,n1631107.png,Nikola,Jovic,Forward,Forward,58.9,5.5,2.1,0.7,0.1,0.5,0.7,0.6,1.5,4.6,1.9,1.3,1.2,0.5
1631108,n1631108.png,Max,Christie,Guard,Guard,56.1,3.1,1.8,0.5,0.2,0.2,0.3,0.2,1.7,2.6,1.1,0.4,0.3,0.6
1631109,n1631109.png,Mark,Williams,Center,Center,70,9,7.1,0.4,1,0.7,0.9,2.2,4.9,5.8,3.7,2.3,1.6,0
1631110,n1631110.png,Jeremy,Sochan,Forward,Forward,70.2,11,5.3,2.5,0.4,0.8,1.7,1.7,3.6,9.9,4.5,2.1,1.4,0.6
1631111,n1631111.png,Wendell,Moore Jr.,Guard,Guard,53.1,1.4,0.6,0.6,0.2,0.3,0.3,0.1,0.5,1.5,0.6,0.2,0.1,0.1
1631112,n1631112.png,Kendall,Brown,Guard,Guard,54,1.5,1,0.5,0,0.7,0.3,0.3,0.7,1.2,0.7,0.3,0.2,0
1631113,n1631113.png,Kennedy,Chandler,Guard,Guard,55.5,2.2,1.1,1.6,0.1,0.3,0.5,0.2,0.8,2.3,1,0.4,0.2,0.1
1631114,n1631114.png,Jalen,Williams,Guard,Forward,76.3,14.1,4.5,3.3,0.5,1.4,1.6,1.1,3.4,10.6,5.5,2.5,2.1,1
1631115,n1631115.png,Orlando,Robinson,Center,Center,59.8,3.7,4.1,0.8,0.4,0.4,0.5,1.5,2.5,2.9,1.5,1,0.7,0
1631116,n1631116.png,Patrick,Baldwin Jr.,Forward,Forward,56,3.9,1.3,0.4,0.1,0.2,0.4,0,1.3,3.5,1.4,0.2,0.1,1
1631117,n1631117.png,Walker,Kessler,Center,Center,74.1,9.2,8.4,0.9,2.3,0.4,0.8,3.1,5.3,5.6,4,2.1,1.1,0
1631119,n1631119.png,Jaylin,Williams,Forward,Forward,63.7,5.9,4.9,1.6,0.2,0.6,0.8,0.9,4,4.8,2.1,1.1,0.8,0.9
1631120,n1631120.png,JD,Davison,Guard,Guard,54,1.6,0.8,0.9,0.2,0.2,0.3,0.2,0.6,1.6,0.7,0.2,0.1,0.2
1631121,n1631121.png,Bryce,McGowens,Guard,Guard,58.6,5.3,2,1.2,0.1,0.3,0.9,0.4,1.6,4.4,1.7,1.7,1.3,0.6
1631123,n1631123.png,Jamaree,Bouyea,Guard,Guard,56.1,3,1.2,0.8,0.4,0.8,0.8,0.2,1,2.8,1.2,0.4,0.2,0.4
1631128,n1631128.png,Christian,Braun,Guard,Guard,59.1,4.7,2.4,0.8,0.2,0.5,0.5,0.6,1.8,3.8,1.9,0.8,0.5,0.4
1631132,n1631132.png,Christian,Koloko,Center,Center,58.2,3.1,2.9,0.5,1,0.4,0.3,1.4,1.5,2.6,1.2,1,0.6,0
1631133,n1631133.png,Jabari,Walker,Forward,Forward,57.2,3.9,2.3,0.6,0.2,0.2,0.5,0.9,1.5,3.5,1.5,0.8,0.6,0.3
1631157,n1631157.png,Ryan,Rollins,Guard,Guard,52.9,1.9,1,0.5,0.1,0.1,1.3,0.2,0.8,1.7,0.6,0.5,0.5,0.2
1631160,n1631160.png,Jordan,Hall,Guard,Guard,55.1,3.1,1.3,1.2,0,0.1,0.8,0.3,1,3.1,1,1,0.8,0.3
1631165,n1631165.png,Keon,Ellis,Guard,Guard,52.9,1.5,0.5,0.4,0.1,0.3,0.1,0.2,0.2,1,0.4,0.4,0.2,0.4
1631169,n1631169.png,Josh,Minott,Forward,Forward,56.4,3.1,1.7,0.3,0.4,0.3,0.2,0.3,1.3,2.4,1.2,0.5,0.5,0.1
1631172,n1631172.png,Ousmane,Dieng,Forward,Forward,59.5,4.9,2.7,1.2,0.2,0.4,0.7,0.5,2.2,4.6,1.9,0.6,0.4,0.7
1631197,n1631197.png,Jared,Rhoden,Guard,Guard,56.5,3.2,2.6,0.3,0.1,0.3,0.2,0.8,1.9,3.1,1.2,0.4,0.4,0.4
1631199,n1631199.png,Ron,Harper Jr.,Forward,Forward,54.1,2.2,0.8,0.4,0.1,0,0,0.3,0.4,1.8,0.9,0.1,0.1,0.3
1631205,n1631205.png,Buddy,Boeheim,Forward,Forward,52,1.6,0.6,0.4,0,0.2,0,0.2,0.4,2.7,0.5,0.2,0.2,0.4
1631207,n1631207.png,Dalen,Terry,Forward,Forward,54.3,2.2,1,0.6,0.1,0.3,0.2,0.3,0.7,1.9,0.8,0.6,0.4,0.2
1631211,n1631211.png,Trevor,Keels,Guard,Guard,51.4,1,0.7,0,0,0,0,0,0.7,1.3,0.3,0,0,0.3
1631212,n1631212.png,Peyton,Watson,Guard,Guard,56.4,3.3,1.6,0.5,0.5,0.1,0.3,0.3,1.3,2.6,1.3,0.9,0.5,0.3
1631213,n1631213.png,Tyrese,Martin,Guard,Guard,52.3,1.3,0.8,0.1,0,0.1,0.1,0.3,0.4,1.4,0.6,0.1,0.1,0.1
1631214,n1631214.png,Alondes,Williams,Guard,Guard,49.6,0,1,0,0,0,2,0,1,0,0,0,0,0
1631216,n1631216.png,Caleb,Houstan,Guard,Guard,56.5,3.8,1.9,0.6,0.1,0.2,0.4,0.7,1.3,3.6,1.3,0.4,0.3,0.9
1631217,n1631217.png,Moussa,Diabate,Forward,Forward,56.1,2.7,2.3,0.2,0.4,0.3,0.4,1.4,0.9,2.1,1.1,0.7,0.5,0
1631219,n1631219.png,John,Butler Jr.,Forward,Forward,54.8,2.4,0.9,0.6,0.5,0.4,0.1,0.2,0.7,2.8,0.9,0.2,0.2,0.4
1631220,n1631220.png,Dereon,Seabron,Guard,Guard,50.9,0.8,0.2,0,0,0,0,0.2,0,1,0.4,0,0,0
1631222,n1631222.png,Jake,LaRavia,Forward,Forward,55.9,3,1.8,0.6,0.1,0.3,0.5,0.5,1.3,2.7,1.1,0.3,0.2,0.7
1631223,n1631223.png,David,Roddy,Forward,Forward,61.1,6.7,2.8,0.8,0.3,0.4,0.8,0.7,2,6,2.6,0.9,0.6,0.9
1631230,n1631230.png,Dominick,Barlow,Forward,Forward,60.1,3.9,3.6,0.9,0.7,0.4,0.5,1.6,2,3.1,1.6,0.9,0.6,0
1631245,n1631245.png,Quenton,Jackson,Guard,Guard,59.9,6.2,0.9,1.7,0.1,0.4,0.4,0.2,0.7,4.7,2.1,2.4,1.9,0.1
1631246,n1631246.png,Vince,Williams Jr.,Guard,Guard,53.2,2,1,0.3,0.1,0.4,0.3,0.3,0.7,2.7,0.8,0.1,0.1,0.3
1631254,n1631254.png,Kenneth,Lofton Jr.,Forward,Forward,58.6,5,2.1,0.8,0.1,0.2,0.5,0.8,1.3,3.9,2,1.1,0.7,0.2
1631260,n1631260.png,AJ,Green,Guard,Guard,57,4.4,1.3,0.6,0,0.2,0.3,0.2,1.1,3.6,1.5,0.1,0.1,1.3
1631288,n1631288.png,Jamal,Cain,Forward,Forward,60.8,5.4,2.9,0.7,0.1,0.6,0.3,0.8,2.1,3.7,2.1,1.2,0.9,0.4
1631298,n1631298.png,Jack,White,Forward,Forward,52.8,1.2,1,0.2,0.1,0.2,0.1,0.4,0.6,1.1,0.5,0.2,0.1,0.2
1631306,n1631306.png,Cole,Swider,Forward,Forward,53,1.3,1,0.6,0,0,0,0.1,0.9,1.3,0.4,0,0,0.4
1631309,n1631309.png,Trevor,Hudgins,Guard,Guard,52.1,1.8,0,0.6,0,0,0.2,0,0,1.8,0.4,0.6,0.6,0.4
1631311,n1631311.png,Lester,Quinones,Guard,Guard,53.4,2.5,0.8,0.5,0,0.2,1.2,0.2,0.5,1.2,0.5,1.5,1,0.5
1631320,n1631320.png,Chima,Moneke,Forward,Forward,51.3,1,1,0.5,0,0,1,1,0,1,0.5,1,0,0
1631323,n1631323.png,Simone,Fontecchio,Forward,Forward,59,6.3,1.7,0.8,0.2,0.3,0.8,0.6,1.1,6,2.2,0.8,0.7,1.2
1631495,n1631495.png,Donovan,Williams,Guard,Guard,52.8,2,1,0,0,0,0,0,1,2.5,1,0,0,0
1641645,n1641645.png,Xavier,Cooks,Forward,Forward,59.5,3.8,3.8,0.6,0.4,0.6,0.8,1.6,2.2,2.8,1.7,1,0.4,0
